user_id,text_id,predictions
296708974279400,3d15e12adcdb,2
296709201129019,3d15e12adcdb,2
296730377849338,3d15e12adcdb,2
296740108796559,3d15e12adcdb,2
296740182199050,3d15e12adcdb,2
296767452478331,3d15e12adcdb,2
297514544048384,3d15e12adcdb,2
297514565398139,3d15e12adcdb,2
297514571904731,3d15e12adcdb,2
297514798076580,3d15e12adcdb,2
297514969959052,3d15e12adcdb,2
297515575614324,3d15e12adcdb,2
297515777860892,3d15e12adcdb,2
297515994882846,3d15e12adcdb,2
297540746501030,3d15e12adcdb,2
297541563349434,3d15e12adcdb,2
297541650646210,3d15e12adcdb,2
297541764647124,3d15e12adcdb,2
297543886609440,3d15e12adcdb,2
296708974279400,837e77c47e79,0
296709201129019,837e77c47e79,0
296730377849338,837e77c47e79,0
296740108796559,837e77c47e79,0
296740182199050,837e77c47e79,0
296767452478331,837e77c47e79,0
297514544048384,837e77c47e79,0
297514565398139,837e77c47e79,0
297514571904731,837e77c47e79,0
297514798076580,837e77c47e79,0
297514969959052,837e77c47e79,0
297515575614324,837e77c47e79,0
297515777860892,837e77c47e79,0
297515994882846,837e77c47e79,0
297540746501030,837e77c47e79,0
297541563349434,837e77c47e79,0
297541650646210,837e77c47e79,0
297541764647124,837e77c47e79,0
297543886609440,837e77c47e79,0
296708974279400,2c71b2c0cc94,0
296709201129019,2c71b2c0cc94,0
296730377849338,2c71b2c0cc94,0
296740108796559,2c71b2c0cc94,0
296740182199050,2c71b2c0cc94,0
296767452478331,2c71b2c0cc94,0
297514544048384,2c71b2c0cc94,0
297514565398139,2c71b2c0cc94,0
297514571904731,2c71b2c0cc94,0
297514798076580,2c71b2c0cc94,0
297514969959052,2c71b2c0cc94,0
297515575614324,2c71b2c0cc94,0
297515777860892,2c71b2c0cc94,0
297515994882846,2c71b2c0cc94,0
297540746501030,2c71b2c0cc94,0
297541563349434,2c71b2c0cc94,0
297541650646210,2c71b2c0cc94,0
297541764647124,2c71b2c0cc94,0
297543886609440,2c71b2c0cc94,0
296708974279400,cc7c8e5b2268,0
296709201129019,cc7c8e5b2268,0
296730377849338,cc7c8e5b2268,0
296740108796559,cc7c8e5b2268,0
296740182199050,cc7c8e5b2268,0
296767452478331,cc7c8e5b2268,0
297514544048384,cc7c8e5b2268,0
297514565398139,cc7c8e5b2268,0
297514571904731,cc7c8e5b2268,0
297514798076580,cc7c8e5b2268,0
297514969959052,cc7c8e5b2268,0
297515575614324,cc7c8e5b2268,0
297515777860892,cc7c8e5b2268,0
297515994882846,cc7c8e5b2268,0
297540746501030,cc7c8e5b2268,0
297541563349434,cc7c8e5b2268,0
297541650646210,cc7c8e5b2268,0
297541764647124,cc7c8e5b2268,0
297543886609440,cc7c8e5b2268,0
296708974279400,ed139ab1c2b9,0
296709201129019,ed139ab1c2b9,0
296730377849338,ed139ab1c2b9,0
296740108796559,ed139ab1c2b9,0
296740182199050,ed139ab1c2b9,0
296767452478331,ed139ab1c2b9,0
297514544048384,ed139ab1c2b9,0
297514565398139,ed139ab1c2b9,0
297514571904731,ed139ab1c2b9,0
297514798076580,ed139ab1c2b9,0
297514969959052,ed139ab1c2b9,0
297515575614324,ed139ab1c2b9,0
297515777860892,ed139ab1c2b9,0
297515994882846,ed139ab1c2b9,0
297540746501030,ed139ab1c2b9,0
297541563349434,ed139ab1c2b9,0
297541650646210,ed139ab1c2b9,0
297541764647124,ed139ab1c2b9,0
297543886609440,ed139ab1c2b9,0
296708974279400,b048e0d9d975,0
296709201129019,b048e0d9d975,0
296730377849338,b048e0d9d975,0
296740108796559,b048e0d9d975,0
296740182199050,b048e0d9d975,0
296767452478331,b048e0d9d975,0
297514544048384,b048e0d9d975,0
297514565398139,b048e0d9d975,0
297514571904731,b048e0d9d975,0
297514798076580,b048e0d9d975,0
297514969959052,b048e0d9d975,0
297515575614324,b048e0d9d975,0
297515777860892,b048e0d9d975,0
297515994882846,b048e0d9d975,0
297540746501030,b048e0d9d975,0
297541563349434,b048e0d9d975,0
297541650646210,b048e0d9d975,0
297541764647124,b048e0d9d975,0
297543886609440,b048e0d9d975,0
296708974279400,5eff880de4d0,2
296709201129019,5eff880de4d0,2
296730377849338,5eff880de4d0,2
296740108796559,5eff880de4d0,2
296740182199050,5eff880de4d0,2
296767452478331,5eff880de4d0,2
297514544048384,5eff880de4d0,2
297514565398139,5eff880de4d0,2
297514571904731,5eff880de4d0,2
297514798076580,5eff880de4d0,2
297514969959052,5eff880de4d0,2
297515575614324,5eff880de4d0,2
297515777860892,5eff880de4d0,2
297515994882846,5eff880de4d0,2
297540746501030,5eff880de4d0,2
297541563349434,5eff880de4d0,2
297541650646210,5eff880de4d0,2
297541764647124,5eff880de4d0,2
297543886609440,5eff880de4d0,2
296708974279400,5a9974504d8a,2
296709201129019,5a9974504d8a,2
296730377849338,5a9974504d8a,2
296740108796559,5a9974504d8a,2
296740182199050,5a9974504d8a,2
296767452478331,5a9974504d8a,2
297514544048384,5a9974504d8a,2
297514565398139,5a9974504d8a,2
297514571904731,5a9974504d8a,0
297514798076580,5a9974504d8a,2
297514969959052,5a9974504d8a,2
297515575614324,5a9974504d8a,2
297515777860892,5a9974504d8a,2
297515994882846,5a9974504d8a,2
297540746501030,5a9974504d8a,0
297541563349434,5a9974504d8a,2
297541650646210,5a9974504d8a,2
297541764647124,5a9974504d8a,2
297543886609440,5a9974504d8a,2
296708974279400,0851866a18d4,1
296709201129019,0851866a18d4,1
296730377849338,0851866a18d4,1
296740108796559,0851866a18d4,1
296740182199050,0851866a18d4,1
296767452478331,0851866a18d4,1
297514544048384,0851866a18d4,1
297514565398139,0851866a18d4,1
297514571904731,0851866a18d4,1
297514798076580,0851866a18d4,1
297514969959052,0851866a18d4,1
297515575614324,0851866a18d4,1
297515777860892,0851866a18d4,1
297515994882846,0851866a18d4,1
297540746501030,0851866a18d4,1
297541563349434,0851866a18d4,1
297541650646210,0851866a18d4,1
297541764647124,0851866a18d4,1
297543886609440,0851866a18d4,1
296708974279400,01d53a1e55a2,0
296709201129019,01d53a1e55a2,1
296730377849338,01d53a1e55a2,0
296740108796559,01d53a1e55a2,0
296740182199050,01d53a1e55a2,0
296767452478331,01d53a1e55a2,0
297514544048384,01d53a1e55a2,0
297514565398139,01d53a1e55a2,0
297514571904731,01d53a1e55a2,0
297514798076580,01d53a1e55a2,0
297514969959052,01d53a1e55a2,0
297515575614324,01d53a1e55a2,0
297515777860892,01d53a1e55a2,0
297515994882846,01d53a1e55a2,0
297540746501030,01d53a1e55a2,0
297541563349434,01d53a1e55a2,0
297541650646210,01d53a1e55a2,1
297541764647124,01d53a1e55a2,0
297543886609440,01d53a1e55a2,0
296708974279400,f3b86b444cf7,1
296709201129019,f3b86b444cf7,1
296730377849338,f3b86b444cf7,1
296740108796559,f3b86b444cf7,1
296740182199050,f3b86b444cf7,1
296767452478331,f3b86b444cf7,1
297514544048384,f3b86b444cf7,1
297514565398139,f3b86b444cf7,1
297514571904731,f3b86b444cf7,1
297514798076580,f3b86b444cf7,1
297514969959052,f3b86b444cf7,1
297515575614324,f3b86b444cf7,0
297515777860892,f3b86b444cf7,1
297515994882846,f3b86b444cf7,1
297540746501030,f3b86b444cf7,1
297541563349434,f3b86b444cf7,1
297541650646210,f3b86b444cf7,1
297541764647124,f3b86b444cf7,1
297543886609440,f3b86b444cf7,1
296708974279400,7f2302f5a719,0
296709201129019,7f2302f5a719,0
296730377849338,7f2302f5a719,0
296740108796559,7f2302f5a719,0
296740182199050,7f2302f5a719,0
296767452478331,7f2302f5a719,0
297514544048384,7f2302f5a719,0
297514565398139,7f2302f5a719,0
297514571904731,7f2302f5a719,0
297514798076580,7f2302f5a719,0
297514969959052,7f2302f5a719,0
297515575614324,7f2302f5a719,0
297515777860892,7f2302f5a719,0
297515994882846,7f2302f5a719,0
297540746501030,7f2302f5a719,0
297541563349434,7f2302f5a719,0
297541650646210,7f2302f5a719,0
297541764647124,7f2302f5a719,0
297543886609440,7f2302f5a719,0
296708974279400,1bdf007a5d1f,0
296709201129019,1bdf007a5d1f,0
296730377849338,1bdf007a5d1f,1
296740108796559,1bdf007a5d1f,1
296740182199050,1bdf007a5d1f,1
296767452478331,1bdf007a5d1f,0
297514544048384,1bdf007a5d1f,0
297514565398139,1bdf007a5d1f,0
297514571904731,1bdf007a5d1f,0
297514798076580,1bdf007a5d1f,0
297514969959052,1bdf007a5d1f,0
297515575614324,1bdf007a5d1f,0
297515777860892,1bdf007a5d1f,0
297515994882846,1bdf007a5d1f,0
297540746501030,1bdf007a5d1f,0
297541563349434,1bdf007a5d1f,0
297541650646210,1bdf007a5d1f,1
297541764647124,1bdf007a5d1f,0
297543886609440,1bdf007a5d1f,0
296708974279400,0874d272bf9c,0
296709201129019,0874d272bf9c,0
296730377849338,0874d272bf9c,0
296740108796559,0874d272bf9c,0
296740182199050,0874d272bf9c,0
296767452478331,0874d272bf9c,0
297514544048384,0874d272bf9c,0
297514565398139,0874d272bf9c,0
297514571904731,0874d272bf9c,0
297514798076580,0874d272bf9c,0
297514969959052,0874d272bf9c,0
297515575614324,0874d272bf9c,0
297515777860892,0874d272bf9c,0
297515994882846,0874d272bf9c,0
297540746501030,0874d272bf9c,0
297541563349434,0874d272bf9c,0
297541650646210,0874d272bf9c,0
297541764647124,0874d272bf9c,0
297543886609440,0874d272bf9c,0
296708974279400,3ab9165bf16b,0
296709201129019,3ab9165bf16b,0
296730377849338,3ab9165bf16b,0
296740108796559,3ab9165bf16b,0
296740182199050,3ab9165bf16b,0
296767452478331,3ab9165bf16b,0
297514544048384,3ab9165bf16b,0
297514565398139,3ab9165bf16b,0
297514571904731,3ab9165bf16b,0
297514798076580,3ab9165bf16b,0
297514969959052,3ab9165bf16b,0
297515575614324,3ab9165bf16b,0
297515777860892,3ab9165bf16b,0
297515994882846,3ab9165bf16b,0
297540746501030,3ab9165bf16b,0
297541563349434,3ab9165bf16b,0
297541650646210,3ab9165bf16b,0
297541764647124,3ab9165bf16b,0
297543886609440,3ab9165bf16b,0
296708974279400,6de0c6914e14,1
296709201129019,6de0c6914e14,1
296730377849338,6de0c6914e14,1
296740108796559,6de0c6914e14,1
296740182199050,6de0c6914e14,1
296767452478331,6de0c6914e14,1
297514544048384,6de0c6914e14,0
297514565398139,6de0c6914e14,1
297514571904731,6de0c6914e14,1
297514798076580,6de0c6914e14,0
297514969959052,6de0c6914e14,0
297515575614324,6de0c6914e14,1
297515777860892,6de0c6914e14,1
297515994882846,6de0c6914e14,0
297540746501030,6de0c6914e14,1
297541563349434,6de0c6914e14,0
297541650646210,6de0c6914e14,1
297541764647124,6de0c6914e14,1
297543886609440,6de0c6914e14,1
296708974279400,a479dee0c0f9,2
296709201129019,a479dee0c0f9,2
296730377849338,a479dee0c0f9,2
296740108796559,a479dee0c0f9,2
296740182199050,a479dee0c0f9,2
296767452478331,a479dee0c0f9,2
297514544048384,a479dee0c0f9,2
297514565398139,a479dee0c0f9,2
297514571904731,a479dee0c0f9,2
297514798076580,a479dee0c0f9,2
297514969959052,a479dee0c0f9,2
297515575614324,a479dee0c0f9,2
297515777860892,a479dee0c0f9,2
297515994882846,a479dee0c0f9,2
297540746501030,a479dee0c0f9,2
297541563349434,a479dee0c0f9,2
297541650646210,a479dee0c0f9,2
297541764647124,a479dee0c0f9,2
297543886609440,a479dee0c0f9,2
296708974279400,0fe09d990244,0
296709201129019,0fe09d990244,0
296730377849338,0fe09d990244,0
296740108796559,0fe09d990244,0
296740182199050,0fe09d990244,0
296767452478331,0fe09d990244,0
297514544048384,0fe09d990244,0
297514565398139,0fe09d990244,0
297514571904731,0fe09d990244,0
297514798076580,0fe09d990244,0
297514969959052,0fe09d990244,0
297515575614324,0fe09d990244,0
297515777860892,0fe09d990244,0
297515994882846,0fe09d990244,0
297540746501030,0fe09d990244,0
297541563349434,0fe09d990244,0
297541650646210,0fe09d990244,0
297541764647124,0fe09d990244,0
297543886609440,0fe09d990244,0
296708974279400,a36a89f17955,1
296709201129019,a36a89f17955,1
296730377849338,a36a89f17955,1
296740108796559,a36a89f17955,1
296740182199050,a36a89f17955,1
296767452478331,a36a89f17955,1
297514544048384,a36a89f17955,1
297514565398139,a36a89f17955,1
297514571904731,a36a89f17955,1
297514798076580,a36a89f17955,1
297514969959052,a36a89f17955,1
297515575614324,a36a89f17955,1
297515777860892,a36a89f17955,1
297515994882846,a36a89f17955,1
297540746501030,a36a89f17955,1
297541563349434,a36a89f17955,1
297541650646210,a36a89f17955,1
297541764647124,a36a89f17955,1
297543886609440,a36a89f17955,1
296708974279400,faa3f61d2381,0
296709201129019,faa3f61d2381,0
296730377849338,faa3f61d2381,0
296740108796559,faa3f61d2381,0
296740182199050,faa3f61d2381,0
296767452478331,faa3f61d2381,0
297514544048384,faa3f61d2381,0
297514565398139,faa3f61d2381,0
297514571904731,faa3f61d2381,0
297514798076580,faa3f61d2381,0
297514969959052,faa3f61d2381,0
297515575614324,faa3f61d2381,0
297515777860892,faa3f61d2381,0
297515994882846,faa3f61d2381,0
297540746501030,faa3f61d2381,0
297541563349434,faa3f61d2381,0
297541650646210,faa3f61d2381,0
297541764647124,faa3f61d2381,0
297543886609440,faa3f61d2381,0
296708974279400,c2328077fa91,0
296709201129019,c2328077fa91,0
296730377849338,c2328077fa91,0
296740108796559,c2328077fa91,0
296740182199050,c2328077fa91,0
296767452478331,c2328077fa91,0
297514544048384,c2328077fa91,0
297514565398139,c2328077fa91,0
297514571904731,c2328077fa91,0
297514798076580,c2328077fa91,0
297514969959052,c2328077fa91,0
297515575614324,c2328077fa91,0
297515777860892,c2328077fa91,0
297515994882846,c2328077fa91,0
297540746501030,c2328077fa91,0
297541563349434,c2328077fa91,0
297541650646210,c2328077fa91,0
297541764647124,c2328077fa91,0
297543886609440,c2328077fa91,0
296708974279400,e55fab634a50,0
296709201129019,e55fab634a50,0
296730377849338,e55fab634a50,0
296740108796559,e55fab634a50,0
296740182199050,e55fab634a50,0
296767452478331,e55fab634a50,0
297514544048384,e55fab634a50,0
297514565398139,e55fab634a50,0
297514571904731,e55fab634a50,0
297514798076580,e55fab634a50,0
297514969959052,e55fab634a50,0
297515575614324,e55fab634a50,0
297515777860892,e55fab634a50,0
297515994882846,e55fab634a50,0
297540746501030,e55fab634a50,0
297541563349434,e55fab634a50,0
297541650646210,e55fab634a50,0
297541764647124,e55fab634a50,0
297543886609440,e55fab634a50,0
296708974279400,c4a54accd102,0
296709201129019,c4a54accd102,0
296730377849338,c4a54accd102,0
296740108796559,c4a54accd102,1
296740182199050,c4a54accd102,0
296767452478331,c4a54accd102,1
297514544048384,c4a54accd102,0
297514565398139,c4a54accd102,1
297514571904731,c4a54accd102,0
297514798076580,c4a54accd102,0
297514969959052,c4a54accd102,0
297515575614324,c4a54accd102,0
297515777860892,c4a54accd102,0
297515994882846,c4a54accd102,0
297540746501030,c4a54accd102,0
297541563349434,c4a54accd102,0
297541650646210,c4a54accd102,0
297541764647124,c4a54accd102,0
297543886609440,c4a54accd102,0
296708974279400,42fa91170788,2
296709201129019,42fa91170788,2
296730377849338,42fa91170788,2
296740108796559,42fa91170788,2
296740182199050,42fa91170788,2
296767452478331,42fa91170788,2
297514544048384,42fa91170788,2
297514565398139,42fa91170788,2
297514571904731,42fa91170788,2
297514798076580,42fa91170788,2
297514969959052,42fa91170788,2
297515575614324,42fa91170788,2
297515777860892,42fa91170788,2
297515994882846,42fa91170788,2
297540746501030,42fa91170788,2
297541563349434,42fa91170788,2
297541650646210,42fa91170788,2
297541764647124,42fa91170788,2
297543886609440,42fa91170788,2
296708974279400,5bc9e3574947,0
296709201129019,5bc9e3574947,0
296730377849338,5bc9e3574947,0
296740108796559,5bc9e3574947,0
296740182199050,5bc9e3574947,0
296767452478331,5bc9e3574947,0
297514544048384,5bc9e3574947,0
297514565398139,5bc9e3574947,0
297514571904731,5bc9e3574947,0
297514798076580,5bc9e3574947,0
297514969959052,5bc9e3574947,0
297515575614324,5bc9e3574947,0
297515777860892,5bc9e3574947,0
297515994882846,5bc9e3574947,0
297540746501030,5bc9e3574947,0
297541563349434,5bc9e3574947,0
297541650646210,5bc9e3574947,0
297541764647124,5bc9e3574947,0
297543886609440,5bc9e3574947,0
296708974279400,0c2e07ebe8ca,0
296709201129019,0c2e07ebe8ca,0
296730377849338,0c2e07ebe8ca,0
296740108796559,0c2e07ebe8ca,0
296740182199050,0c2e07ebe8ca,0
296767452478331,0c2e07ebe8ca,0
297514544048384,0c2e07ebe8ca,0
297514565398139,0c2e07ebe8ca,0
297514571904731,0c2e07ebe8ca,0
297514798076580,0c2e07ebe8ca,0
297514969959052,0c2e07ebe8ca,0
297515575614324,0c2e07ebe8ca,0
297515777860892,0c2e07ebe8ca,0
297515994882846,0c2e07ebe8ca,0
297540746501030,0c2e07ebe8ca,0
297541563349434,0c2e07ebe8ca,0
297541650646210,0c2e07ebe8ca,0
297541764647124,0c2e07ebe8ca,0
297543886609440,0c2e07ebe8ca,0
296708974279400,e418d0813f35,0
296709201129019,e418d0813f35,0
296730377849338,e418d0813f35,0
296740108796559,e418d0813f35,0
296740182199050,e418d0813f35,0
296767452478331,e418d0813f35,0
297514544048384,e418d0813f35,0
297514565398139,e418d0813f35,0
297514571904731,e418d0813f35,0
297514798076580,e418d0813f35,0
297514969959052,e418d0813f35,0
297515575614324,e418d0813f35,0
297515777860892,e418d0813f35,0
297515994882846,e418d0813f35,0
297540746501030,e418d0813f35,0
297541563349434,e418d0813f35,0
297541650646210,e418d0813f35,0
297541764647124,e418d0813f35,0
297543886609440,e418d0813f35,0
296708974279400,bc22998993d7,1
296709201129019,bc22998993d7,1
296730377849338,bc22998993d7,1
296740108796559,bc22998993d7,1
296740182199050,bc22998993d7,1
296767452478331,bc22998993d7,1
297514544048384,bc22998993d7,1
297514565398139,bc22998993d7,1
297514571904731,bc22998993d7,1
297514798076580,bc22998993d7,1
297514969959052,bc22998993d7,1
297515575614324,bc22998993d7,1
297515777860892,bc22998993d7,1
297515994882846,bc22998993d7,1
297540746501030,bc22998993d7,1
297541563349434,bc22998993d7,1
297541650646210,bc22998993d7,1
297541764647124,bc22998993d7,1
297543886609440,bc22998993d7,1
296708974279400,5d930a45e2bb,0
296709201129019,5d930a45e2bb,0
296730377849338,5d930a45e2bb,0
296740108796559,5d930a45e2bb,0
296740182199050,5d930a45e2bb,0
296767452478331,5d930a45e2bb,0
297514544048384,5d930a45e2bb,0
297514565398139,5d930a45e2bb,0
297514571904731,5d930a45e2bb,0
297514798076580,5d930a45e2bb,0
297514969959052,5d930a45e2bb,0
297515575614324,5d930a45e2bb,0
297515777860892,5d930a45e2bb,0
297515994882846,5d930a45e2bb,0
297540746501030,5d930a45e2bb,0
297541563349434,5d930a45e2bb,0
297541650646210,5d930a45e2bb,0
297541764647124,5d930a45e2bb,0
297543886609440,5d930a45e2bb,0
296708974279400,485ca824a04d,0
296709201129019,485ca824a04d,0
296730377849338,485ca824a04d,0
296740108796559,485ca824a04d,0
296740182199050,485ca824a04d,0
296767452478331,485ca824a04d,0
297514544048384,485ca824a04d,0
297514565398139,485ca824a04d,0
297514571904731,485ca824a04d,0
297514798076580,485ca824a04d,0
297514969959052,485ca824a04d,0
297515575614324,485ca824a04d,0
297515777860892,485ca824a04d,0
297515994882846,485ca824a04d,0
297540746501030,485ca824a04d,0
297541563349434,485ca824a04d,0
297541650646210,485ca824a04d,0
297541764647124,485ca824a04d,0
297543886609440,485ca824a04d,0
296708974279400,4c7ece6dae1b,2
296709201129019,4c7ece6dae1b,2
296730377849338,4c7ece6dae1b,2
296740108796559,4c7ece6dae1b,2
296740182199050,4c7ece6dae1b,2
296767452478331,4c7ece6dae1b,2
297514544048384,4c7ece6dae1b,2
297514565398139,4c7ece6dae1b,2
297514571904731,4c7ece6dae1b,2
297514798076580,4c7ece6dae1b,2
297514969959052,4c7ece6dae1b,2
297515575614324,4c7ece6dae1b,2
297515777860892,4c7ece6dae1b,2
297515994882846,4c7ece6dae1b,2
297540746501030,4c7ece6dae1b,2
297541563349434,4c7ece6dae1b,2
297541650646210,4c7ece6dae1b,2
297541764647124,4c7ece6dae1b,2
297543886609440,4c7ece6dae1b,2
296708974279400,59c1bce3758e,1
296709201129019,59c1bce3758e,1
296730377849338,59c1bce3758e,1
296740108796559,59c1bce3758e,1
296740182199050,59c1bce3758e,1
296767452478331,59c1bce3758e,1
297514544048384,59c1bce3758e,1
297514565398139,59c1bce3758e,1
297514571904731,59c1bce3758e,1
297514798076580,59c1bce3758e,1
297514969959052,59c1bce3758e,1
297515575614324,59c1bce3758e,1
297515777860892,59c1bce3758e,1
297515994882846,59c1bce3758e,1
297540746501030,59c1bce3758e,1
297541563349434,59c1bce3758e,1
297541650646210,59c1bce3758e,1
297541764647124,59c1bce3758e,1
297543886609440,59c1bce3758e,1
296708974279400,cef439b806a2,2
296709201129019,cef439b806a2,2
296730377849338,cef439b806a2,2
296740108796559,cef439b806a2,2
296740182199050,cef439b806a2,2
296767452478331,cef439b806a2,2
297514544048384,cef439b806a2,2
297514565398139,cef439b806a2,2
297514571904731,cef439b806a2,2
297514798076580,cef439b806a2,2
297514969959052,cef439b806a2,2
297515575614324,cef439b806a2,2
297515777860892,cef439b806a2,2
297515994882846,cef439b806a2,2
297540746501030,cef439b806a2,2
297541563349434,cef439b806a2,2
297541650646210,cef439b806a2,2
297541764647124,cef439b806a2,2
297543886609440,cef439b806a2,2
296708974279400,f118f1eddd18,2
296709201129019,f118f1eddd18,2
296730377849338,f118f1eddd18,2
296740108796559,f118f1eddd18,2
296740182199050,f118f1eddd18,2
296767452478331,f118f1eddd18,2
297514544048384,f118f1eddd18,2
297514565398139,f118f1eddd18,2
297514571904731,f118f1eddd18,2
297514798076580,f118f1eddd18,2
297514969959052,f118f1eddd18,2
297515575614324,f118f1eddd18,2
297515777860892,f118f1eddd18,2
297515994882846,f118f1eddd18,2
297540746501030,f118f1eddd18,2
297541563349434,f118f1eddd18,2
297541650646210,f118f1eddd18,2
297541764647124,f118f1eddd18,2
297543886609440,f118f1eddd18,2
296708974279400,a6e8f96e0b71,1
296709201129019,a6e8f96e0b71,2
296730377849338,a6e8f96e0b71,1
296740108796559,a6e8f96e0b71,1
296740182199050,a6e8f96e0b71,1
296767452478331,a6e8f96e0b71,1
297514544048384,a6e8f96e0b71,1
297514565398139,a6e8f96e0b71,1
297514571904731,a6e8f96e0b71,1
297514798076580,a6e8f96e0b71,2
297514969959052,a6e8f96e0b71,2
297515575614324,a6e8f96e0b71,2
297515777860892,a6e8f96e0b71,2
297515994882846,a6e8f96e0b71,1
297540746501030,a6e8f96e0b71,2
297541563349434,a6e8f96e0b71,2
297541650646210,a6e8f96e0b71,1
297541764647124,a6e8f96e0b71,2
297543886609440,a6e8f96e0b71,1
296708974279400,e742f33e1525,0
296709201129019,e742f33e1525,0
296730377849338,e742f33e1525,0
296740108796559,e742f33e1525,0
296740182199050,e742f33e1525,0
296767452478331,e742f33e1525,0
297514544048384,e742f33e1525,0
297514565398139,e742f33e1525,0
297514571904731,e742f33e1525,0
297514798076580,e742f33e1525,0
297514969959052,e742f33e1525,0
297515575614324,e742f33e1525,0
297515777860892,e742f33e1525,0
297515994882846,e742f33e1525,0
297540746501030,e742f33e1525,0
297541563349434,e742f33e1525,0
297541650646210,e742f33e1525,0
297541764647124,e742f33e1525,0
297543886609440,e742f33e1525,1
296708974279400,f79280931360,0
296709201129019,f79280931360,0
296730377849338,f79280931360,0
296740108796559,f79280931360,0
296740182199050,f79280931360,0
296767452478331,f79280931360,0
297514544048384,f79280931360,0
297514565398139,f79280931360,0
297514571904731,f79280931360,0
297514798076580,f79280931360,0
297514969959052,f79280931360,0
297515575614324,f79280931360,0
297515777860892,f79280931360,0
297515994882846,f79280931360,0
297540746501030,f79280931360,0
297541563349434,f79280931360,0
297541650646210,f79280931360,0
297541764647124,f79280931360,0
297543886609440,f79280931360,0
296708974279400,a0eec1ca6804,0
296709201129019,a0eec1ca6804,0
296730377849338,a0eec1ca6804,0
296740108796559,a0eec1ca6804,0
296740182199050,a0eec1ca6804,0
296767452478331,a0eec1ca6804,0
297514544048384,a0eec1ca6804,0
297514565398139,a0eec1ca6804,0
297514571904731,a0eec1ca6804,0
297514798076580,a0eec1ca6804,0
297514969959052,a0eec1ca6804,0
297515575614324,a0eec1ca6804,0
297515777860892,a0eec1ca6804,0
297515994882846,a0eec1ca6804,0
297540746501030,a0eec1ca6804,0
297541563349434,a0eec1ca6804,0
297541650646210,a0eec1ca6804,0
297541764647124,a0eec1ca6804,0
297543886609440,a0eec1ca6804,0
296708974279400,3ec73b710a3d,0
296709201129019,3ec73b710a3d,0
296730377849338,3ec73b710a3d,0
296740108796559,3ec73b710a3d,0
296740182199050,3ec73b710a3d,0
296767452478331,3ec73b710a3d,0
297514544048384,3ec73b710a3d,0
297514565398139,3ec73b710a3d,0
297514571904731,3ec73b710a3d,0
297514798076580,3ec73b710a3d,0
297514969959052,3ec73b710a3d,0
297515575614324,3ec73b710a3d,0
297515777860892,3ec73b710a3d,0
297515994882846,3ec73b710a3d,0
297540746501030,3ec73b710a3d,0
297541563349434,3ec73b710a3d,0
297541650646210,3ec73b710a3d,0
297541764647124,3ec73b710a3d,0
297543886609440,3ec73b710a3d,0
296708974279400,71a1cbfabda3,2
296709201129019,71a1cbfabda3,2
296730377849338,71a1cbfabda3,2
296740108796559,71a1cbfabda3,2
296740182199050,71a1cbfabda3,2
296767452478331,71a1cbfabda3,2
297514544048384,71a1cbfabda3,2
297514565398139,71a1cbfabda3,2
297514571904731,71a1cbfabda3,2
297514798076580,71a1cbfabda3,2
297514969959052,71a1cbfabda3,2
297515575614324,71a1cbfabda3,2
297515777860892,71a1cbfabda3,2
297515994882846,71a1cbfabda3,2
297540746501030,71a1cbfabda3,2
297541563349434,71a1cbfabda3,2
297541650646210,71a1cbfabda3,2
297541764647124,71a1cbfabda3,2
297543886609440,71a1cbfabda3,2
296708974279400,4df2aebd0064,0
296709201129019,4df2aebd0064,0
296730377849338,4df2aebd0064,0
296740108796559,4df2aebd0064,0
296740182199050,4df2aebd0064,0
296767452478331,4df2aebd0064,0
297514544048384,4df2aebd0064,0
297514565398139,4df2aebd0064,0
297514571904731,4df2aebd0064,0
297514798076580,4df2aebd0064,0
297514969959052,4df2aebd0064,0
297515575614324,4df2aebd0064,0
297515777860892,4df2aebd0064,0
297515994882846,4df2aebd0064,0
297540746501030,4df2aebd0064,0
297541563349434,4df2aebd0064,0
297541650646210,4df2aebd0064,0
297541764647124,4df2aebd0064,0
297543886609440,4df2aebd0064,0
296708974279400,571872329691,2
296709201129019,571872329691,2
296730377849338,571872329691,2
296740108796559,571872329691,2
296740182199050,571872329691,2
296767452478331,571872329691,2
297514544048384,571872329691,2
297514565398139,571872329691,2
297514571904731,571872329691,2
297514798076580,571872329691,2
297514969959052,571872329691,2
297515575614324,571872329691,2
297515777860892,571872329691,2
297515994882846,571872329691,2
297540746501030,571872329691,2
297541563349434,571872329691,2
297541650646210,571872329691,2
297541764647124,571872329691,2
297543886609440,571872329691,2
296708974279400,d403e92b7f13,2
296709201129019,d403e92b7f13,2
296730377849338,d403e92b7f13,2
296740108796559,d403e92b7f13,2
296740182199050,d403e92b7f13,2
296767452478331,d403e92b7f13,2
297514544048384,d403e92b7f13,2
297514565398139,d403e92b7f13,2
297514571904731,d403e92b7f13,2
297514798076580,d403e92b7f13,2
297514969959052,d403e92b7f13,2
297515575614324,d403e92b7f13,2
297515777860892,d403e92b7f13,2
297515994882846,d403e92b7f13,2
297540746501030,d403e92b7f13,2
297541563349434,d403e92b7f13,2
297541650646210,d403e92b7f13,2
297541764647124,d403e92b7f13,2
297543886609440,d403e92b7f13,2
296708974279400,3b06b1696232,0
296709201129019,3b06b1696232,0
296730377849338,3b06b1696232,0
296740108796559,3b06b1696232,0
296740182199050,3b06b1696232,0
296767452478331,3b06b1696232,0
297514544048384,3b06b1696232,0
297514565398139,3b06b1696232,0
297514571904731,3b06b1696232,0
297514798076580,3b06b1696232,0
297514969959052,3b06b1696232,0
297515575614324,3b06b1696232,0
297515777860892,3b06b1696232,0
297515994882846,3b06b1696232,0
297540746501030,3b06b1696232,0
297541563349434,3b06b1696232,0
297541650646210,3b06b1696232,0
297541764647124,3b06b1696232,0
297543886609440,3b06b1696232,0
296708974279400,d6a684096b08,2
296709201129019,d6a684096b08,2
296730377849338,d6a684096b08,2
296740108796559,d6a684096b08,2
296740182199050,d6a684096b08,2
296767452478331,d6a684096b08,2
297514544048384,d6a684096b08,2
297514565398139,d6a684096b08,2
297514571904731,d6a684096b08,2
297514798076580,d6a684096b08,2
297514969959052,d6a684096b08,2
297515575614324,d6a684096b08,2
297515777860892,d6a684096b08,2
297515994882846,d6a684096b08,2
297540746501030,d6a684096b08,2
297541563349434,d6a684096b08,2
297541650646210,d6a684096b08,2
297541764647124,d6a684096b08,2
297543886609440,d6a684096b08,2
296708974279400,6559cc7f3f20,0
296709201129019,6559cc7f3f20,0
296730377849338,6559cc7f3f20,1
296740108796559,6559cc7f3f20,0
296740182199050,6559cc7f3f20,1
296767452478331,6559cc7f3f20,1
297514544048384,6559cc7f3f20,1
297514565398139,6559cc7f3f20,0
297514571904731,6559cc7f3f20,0
297514798076580,6559cc7f3f20,0
297514969959052,6559cc7f3f20,1
297515575614324,6559cc7f3f20,1
297515777860892,6559cc7f3f20,0
297515994882846,6559cc7f3f20,1
297540746501030,6559cc7f3f20,0
297541563349434,6559cc7f3f20,0
297541650646210,6559cc7f3f20,0
297541764647124,6559cc7f3f20,1
297543886609440,6559cc7f3f20,0
296708974279400,5561198a1d1a,0
296709201129019,5561198a1d1a,0
296730377849338,5561198a1d1a,0
296740108796559,5561198a1d1a,0
296740182199050,5561198a1d1a,0
296767452478331,5561198a1d1a,0
297514544048384,5561198a1d1a,0
297514565398139,5561198a1d1a,0
297514571904731,5561198a1d1a,0
297514798076580,5561198a1d1a,0
297514969959052,5561198a1d1a,0
297515575614324,5561198a1d1a,0
297515777860892,5561198a1d1a,0
297515994882846,5561198a1d1a,0
297540746501030,5561198a1d1a,0
297541563349434,5561198a1d1a,0
297541650646210,5561198a1d1a,0
297541764647124,5561198a1d1a,0
297543886609440,5561198a1d1a,0
296708974279400,4c4e26593d2d,0
296709201129019,4c4e26593d2d,0
296730377849338,4c4e26593d2d,0
296740108796559,4c4e26593d2d,0
296740182199050,4c4e26593d2d,0
296767452478331,4c4e26593d2d,0
297514544048384,4c4e26593d2d,0
297514565398139,4c4e26593d2d,0
297514571904731,4c4e26593d2d,0
297514798076580,4c4e26593d2d,0
297514969959052,4c4e26593d2d,0
297515575614324,4c4e26593d2d,0
297515777860892,4c4e26593d2d,0
297515994882846,4c4e26593d2d,0
297540746501030,4c4e26593d2d,0
297541563349434,4c4e26593d2d,0
297541650646210,4c4e26593d2d,0
297541764647124,4c4e26593d2d,0
297543886609440,4c4e26593d2d,0
296708974279400,10114524c047,0
296709201129019,10114524c047,0
296730377849338,10114524c047,0
296740108796559,10114524c047,0
296740182199050,10114524c047,0
296767452478331,10114524c047,0
297514544048384,10114524c047,0
297514565398139,10114524c047,0
297514571904731,10114524c047,0
297514798076580,10114524c047,0
297514969959052,10114524c047,0
297515575614324,10114524c047,0
297515777860892,10114524c047,0
297515994882846,10114524c047,0
297540746501030,10114524c047,0
297541563349434,10114524c047,0
297541650646210,10114524c047,0
297541764647124,10114524c047,0
297543886609440,10114524c047,0
296708974279400,db6439c064f9,0
296709201129019,db6439c064f9,0
296730377849338,db6439c064f9,0
296740108796559,db6439c064f9,0
296740182199050,db6439c064f9,0
296767452478331,db6439c064f9,0
297514544048384,db6439c064f9,0
297514565398139,db6439c064f9,0
297514571904731,db6439c064f9,0
297514798076580,db6439c064f9,0
297514969959052,db6439c064f9,0
297515575614324,db6439c064f9,0
297515777860892,db6439c064f9,0
297515994882846,db6439c064f9,0
297540746501030,db6439c064f9,0
297541563349434,db6439c064f9,0
297541650646210,db6439c064f9,0
297541764647124,db6439c064f9,0
297543886609440,db6439c064f9,0
296708974279400,39029d437148,0
296709201129019,39029d437148,0
296730377849338,39029d437148,0
296740108796559,39029d437148,0
296740182199050,39029d437148,0
296767452478331,39029d437148,0
297514544048384,39029d437148,0
297514565398139,39029d437148,0
297514571904731,39029d437148,0
297514798076580,39029d437148,0
297514969959052,39029d437148,0
297515575614324,39029d437148,0
297515777860892,39029d437148,0
297515994882846,39029d437148,0
297540746501030,39029d437148,0
297541563349434,39029d437148,0
297541650646210,39029d437148,0
297541764647124,39029d437148,0
297543886609440,39029d437148,0
296708974279400,56d01fe91ca8,2
296709201129019,56d01fe91ca8,2
296730377849338,56d01fe91ca8,2
296740108796559,56d01fe91ca8,2
296740182199050,56d01fe91ca8,2
296767452478331,56d01fe91ca8,2
297514544048384,56d01fe91ca8,2
297514565398139,56d01fe91ca8,2
297514571904731,56d01fe91ca8,2
297514798076580,56d01fe91ca8,2
297514969959052,56d01fe91ca8,2
297515575614324,56d01fe91ca8,2
297515777860892,56d01fe91ca8,2
297515994882846,56d01fe91ca8,2
297540746501030,56d01fe91ca8,2
297541563349434,56d01fe91ca8,2
297541650646210,56d01fe91ca8,2
297541764647124,56d01fe91ca8,2
297543886609440,56d01fe91ca8,2
296708974279400,f2d947511468,0
296709201129019,f2d947511468,0
296730377849338,f2d947511468,0
296740108796559,f2d947511468,0
296740182199050,f2d947511468,0
296767452478331,f2d947511468,0
297514544048384,f2d947511468,0
297514565398139,f2d947511468,0
297514571904731,f2d947511468,0
297514798076580,f2d947511468,0
297514969959052,f2d947511468,0
297515575614324,f2d947511468,0
297515777860892,f2d947511468,0
297515994882846,f2d947511468,0
297540746501030,f2d947511468,0
297541563349434,f2d947511468,0
297541650646210,f2d947511468,0
297541764647124,f2d947511468,0
297543886609440,f2d947511468,0
296708974279400,e1384785a0e6,0
296709201129019,e1384785a0e6,0
296730377849338,e1384785a0e6,0
296740108796559,e1384785a0e6,0
296740182199050,e1384785a0e6,0
296767452478331,e1384785a0e6,0
297514544048384,e1384785a0e6,0
297514565398139,e1384785a0e6,0
297514571904731,e1384785a0e6,0
297514798076580,e1384785a0e6,0
297514969959052,e1384785a0e6,0
297515575614324,e1384785a0e6,0
297515777860892,e1384785a0e6,0
297515994882846,e1384785a0e6,0
297540746501030,e1384785a0e6,0
297541563349434,e1384785a0e6,0
297541650646210,e1384785a0e6,0
297541764647124,e1384785a0e6,0
297543886609440,e1384785a0e6,0
296708974279400,c400425a684e,2
296709201129019,c400425a684e,2
296730377849338,c400425a684e,2
296740108796559,c400425a684e,2
296740182199050,c400425a684e,2
296767452478331,c400425a684e,2
297514544048384,c400425a684e,2
297514565398139,c400425a684e,2
297514571904731,c400425a684e,0
297514798076580,c400425a684e,0
297514969959052,c400425a684e,2
297515575614324,c400425a684e,0
297515777860892,c400425a684e,0
297515994882846,c400425a684e,2
297540746501030,c400425a684e,2
297541563349434,c400425a684e,0
297541650646210,c400425a684e,2
297541764647124,c400425a684e,2
297543886609440,c400425a684e,2
296708974279400,f5d806fa2e94,1
296709201129019,f5d806fa2e94,1
296730377849338,f5d806fa2e94,1
296740108796559,f5d806fa2e94,1
296740182199050,f5d806fa2e94,1
296767452478331,f5d806fa2e94,1
297514544048384,f5d806fa2e94,1
297514565398139,f5d806fa2e94,1
297514571904731,f5d806fa2e94,1
297514798076580,f5d806fa2e94,1
297514969959052,f5d806fa2e94,1
297515575614324,f5d806fa2e94,1
297515777860892,f5d806fa2e94,1
297515994882846,f5d806fa2e94,1
297540746501030,f5d806fa2e94,1
297541563349434,f5d806fa2e94,1
297541650646210,f5d806fa2e94,1
297541764647124,f5d806fa2e94,1
297543886609440,f5d806fa2e94,1
296708974279400,18b56bd3bd89,0
296709201129019,18b56bd3bd89,0
296730377849338,18b56bd3bd89,0
296740108796559,18b56bd3bd89,0
296740182199050,18b56bd3bd89,0
296767452478331,18b56bd3bd89,0
297514544048384,18b56bd3bd89,0
297514565398139,18b56bd3bd89,0
297514571904731,18b56bd3bd89,0
297514798076580,18b56bd3bd89,0
297514969959052,18b56bd3bd89,0
297515575614324,18b56bd3bd89,0
297515777860892,18b56bd3bd89,0
297515994882846,18b56bd3bd89,0
297540746501030,18b56bd3bd89,0
297541563349434,18b56bd3bd89,0
297541650646210,18b56bd3bd89,0
297541764647124,18b56bd3bd89,0
297543886609440,18b56bd3bd89,0
296708974279400,2f85cb2e58b9,1
296709201129019,2f85cb2e58b9,1
296730377849338,2f85cb2e58b9,1
296740108796559,2f85cb2e58b9,1
296740182199050,2f85cb2e58b9,1
296767452478331,2f85cb2e58b9,1
297514544048384,2f85cb2e58b9,1
297514565398139,2f85cb2e58b9,1
297514571904731,2f85cb2e58b9,1
297514798076580,2f85cb2e58b9,1
297514969959052,2f85cb2e58b9,1
297515575614324,2f85cb2e58b9,1
297515777860892,2f85cb2e58b9,1
297515994882846,2f85cb2e58b9,1
297540746501030,2f85cb2e58b9,1
297541563349434,2f85cb2e58b9,1
297541650646210,2f85cb2e58b9,1
297541764647124,2f85cb2e58b9,1
297543886609440,2f85cb2e58b9,1
296708974279400,f21ada2b98df,0
296709201129019,f21ada2b98df,0
296730377849338,f21ada2b98df,0
296740108796559,f21ada2b98df,1
296740182199050,f21ada2b98df,0
296767452478331,f21ada2b98df,1
297514544048384,f21ada2b98df,0
297514565398139,f21ada2b98df,1
297514571904731,f21ada2b98df,0
297514798076580,f21ada2b98df,0
297514969959052,f21ada2b98df,0
297515575614324,f21ada2b98df,0
297515777860892,f21ada2b98df,0
297515994882846,f21ada2b98df,0
297540746501030,f21ada2b98df,0
297541563349434,f21ada2b98df,0
297541650646210,f21ada2b98df,1
297541764647124,f21ada2b98df,0
297543886609440,f21ada2b98df,1
296708974279400,1ab5971233bd,0
296709201129019,1ab5971233bd,0
296730377849338,1ab5971233bd,0
296740108796559,1ab5971233bd,1
296740182199050,1ab5971233bd,1
296767452478331,1ab5971233bd,0
297514544048384,1ab5971233bd,0
297514565398139,1ab5971233bd,1
297514571904731,1ab5971233bd,0
297514798076580,1ab5971233bd,0
297514969959052,1ab5971233bd,0
297515575614324,1ab5971233bd,0
297515777860892,1ab5971233bd,0
297515994882846,1ab5971233bd,0
297540746501030,1ab5971233bd,0
297541563349434,1ab5971233bd,0
297541650646210,1ab5971233bd,1
297541764647124,1ab5971233bd,0
297543886609440,1ab5971233bd,0
296708974279400,8c4126629772,1
296709201129019,8c4126629772,1
296730377849338,8c4126629772,1
296740108796559,8c4126629772,0
296740182199050,8c4126629772,1
296767452478331,8c4126629772,0
297514544048384,8c4126629772,0
297514565398139,8c4126629772,1
297514571904731,8c4126629772,1
297514798076580,8c4126629772,1
297514969959052,8c4126629772,1
297515575614324,8c4126629772,0
297515777860892,8c4126629772,1
297515994882846,8c4126629772,0
297540746501030,8c4126629772,1
297541563349434,8c4126629772,0
297541650646210,8c4126629772,1
297541764647124,8c4126629772,1
297543886609440,8c4126629772,1
296708974279400,7bb2c6ec8a4c,0
296709201129019,7bb2c6ec8a4c,0
296730377849338,7bb2c6ec8a4c,0
296740108796559,7bb2c6ec8a4c,0
296740182199050,7bb2c6ec8a4c,0
296767452478331,7bb2c6ec8a4c,0
297514544048384,7bb2c6ec8a4c,0
297514565398139,7bb2c6ec8a4c,0
297514571904731,7bb2c6ec8a4c,0
297514798076580,7bb2c6ec8a4c,0
297514969959052,7bb2c6ec8a4c,0
297515575614324,7bb2c6ec8a4c,0
297515777860892,7bb2c6ec8a4c,0
297515994882846,7bb2c6ec8a4c,0
297540746501030,7bb2c6ec8a4c,0
297541563349434,7bb2c6ec8a4c,0
297541650646210,7bb2c6ec8a4c,0
297541764647124,7bb2c6ec8a4c,0
297543886609440,7bb2c6ec8a4c,0
296708974279400,c7cfe2595322,1
296709201129019,c7cfe2595322,1
296730377849338,c7cfe2595322,1
296740108796559,c7cfe2595322,1
296740182199050,c7cfe2595322,1
296767452478331,c7cfe2595322,1
297514544048384,c7cfe2595322,1
297514565398139,c7cfe2595322,1
297514571904731,c7cfe2595322,1
297514798076580,c7cfe2595322,1
297514969959052,c7cfe2595322,1
297515575614324,c7cfe2595322,1
297515777860892,c7cfe2595322,1
297515994882846,c7cfe2595322,1
297540746501030,c7cfe2595322,1
297541563349434,c7cfe2595322,1
297541650646210,c7cfe2595322,1
297541764647124,c7cfe2595322,1
297543886609440,c7cfe2595322,1
296708974279400,2e4d51b83f53,0
296709201129019,2e4d51b83f53,0
296730377849338,2e4d51b83f53,0
296740108796559,2e4d51b83f53,0
296740182199050,2e4d51b83f53,0
296767452478331,2e4d51b83f53,0
297514544048384,2e4d51b83f53,0
297514565398139,2e4d51b83f53,0
297514571904731,2e4d51b83f53,0
297514798076580,2e4d51b83f53,0
297514969959052,2e4d51b83f53,0
297515575614324,2e4d51b83f53,0
297515777860892,2e4d51b83f53,0
297515994882846,2e4d51b83f53,0
297540746501030,2e4d51b83f53,0
297541563349434,2e4d51b83f53,0
297541650646210,2e4d51b83f53,0
297541764647124,2e4d51b83f53,0
297543886609440,2e4d51b83f53,0
296708974279400,f0dc80f30908,0
296709201129019,f0dc80f30908,0
296730377849338,f0dc80f30908,0
296740108796559,f0dc80f30908,0
296740182199050,f0dc80f30908,0
296767452478331,f0dc80f30908,0
297514544048384,f0dc80f30908,0
297514565398139,f0dc80f30908,0
297514571904731,f0dc80f30908,0
297514798076580,f0dc80f30908,0
297514969959052,f0dc80f30908,0
297515575614324,f0dc80f30908,0
297515777860892,f0dc80f30908,0
297515994882846,f0dc80f30908,0
297540746501030,f0dc80f30908,0
297541563349434,f0dc80f30908,0
297541650646210,f0dc80f30908,0
297541764647124,f0dc80f30908,0
297543886609440,f0dc80f30908,0
296708974279400,328c2ad89ce3,0
296709201129019,328c2ad89ce3,2
296730377849338,328c2ad89ce3,2
296740108796559,328c2ad89ce3,2
296740182199050,328c2ad89ce3,2
296767452478331,328c2ad89ce3,2
297514544048384,328c2ad89ce3,2
297514565398139,328c2ad89ce3,2
297514571904731,328c2ad89ce3,2
297514798076580,328c2ad89ce3,0
297514969959052,328c2ad89ce3,0
297515575614324,328c2ad89ce3,2
297515777860892,328c2ad89ce3,2
297515994882846,328c2ad89ce3,2
297540746501030,328c2ad89ce3,2
297541563349434,328c2ad89ce3,2
297541650646210,328c2ad89ce3,2
297541764647124,328c2ad89ce3,2
297543886609440,328c2ad89ce3,2
296708974279400,86a0835f5ade,0
296709201129019,86a0835f5ade,0
296730377849338,86a0835f5ade,0
296740108796559,86a0835f5ade,0
296740182199050,86a0835f5ade,0
296767452478331,86a0835f5ade,0
297514544048384,86a0835f5ade,0
297514565398139,86a0835f5ade,0
297514571904731,86a0835f5ade,0
297514798076580,86a0835f5ade,0
297514969959052,86a0835f5ade,0
297515575614324,86a0835f5ade,0
297515777860892,86a0835f5ade,0
297515994882846,86a0835f5ade,0
297540746501030,86a0835f5ade,0
297541563349434,86a0835f5ade,0
297541650646210,86a0835f5ade,0
297541764647124,86a0835f5ade,0
297543886609440,86a0835f5ade,0
296708974279400,492709e1a540,0
296709201129019,492709e1a540,0
296730377849338,492709e1a540,0
296740108796559,492709e1a540,0
296740182199050,492709e1a540,0
296767452478331,492709e1a540,0
297514544048384,492709e1a540,0
297514565398139,492709e1a540,0
297514571904731,492709e1a540,0
297514798076580,492709e1a540,0
297514969959052,492709e1a540,0
297515575614324,492709e1a540,0
297515777860892,492709e1a540,0
297515994882846,492709e1a540,0
297540746501030,492709e1a540,0
297541563349434,492709e1a540,0
297541650646210,492709e1a540,0
297541764647124,492709e1a540,0
297543886609440,492709e1a540,0
296708974279400,b8b6c30122de,0
296709201129019,b8b6c30122de,0
296730377849338,b8b6c30122de,0
296740108796559,b8b6c30122de,0
296740182199050,b8b6c30122de,0
296767452478331,b8b6c30122de,0
297514544048384,b8b6c30122de,0
297514565398139,b8b6c30122de,0
297514571904731,b8b6c30122de,0
297514798076580,b8b6c30122de,0
297514969959052,b8b6c30122de,0
297515575614324,b8b6c30122de,0
297515777860892,b8b6c30122de,0
297515994882846,b8b6c30122de,0
297540746501030,b8b6c30122de,0
297541563349434,b8b6c30122de,0
297541650646210,b8b6c30122de,0
297541764647124,b8b6c30122de,0
297543886609440,b8b6c30122de,0
296708974279400,c868c0d02ff6,0
296709201129019,c868c0d02ff6,0
296730377849338,c868c0d02ff6,0
296740108796559,c868c0d02ff6,0
296740182199050,c868c0d02ff6,0
296767452478331,c868c0d02ff6,0
297514544048384,c868c0d02ff6,0
297514565398139,c868c0d02ff6,0
297514571904731,c868c0d02ff6,0
297514798076580,c868c0d02ff6,0
297514969959052,c868c0d02ff6,0
297515575614324,c868c0d02ff6,0
297515777860892,c868c0d02ff6,0
297515994882846,c868c0d02ff6,0
297540746501030,c868c0d02ff6,0
297541563349434,c868c0d02ff6,0
297541650646210,c868c0d02ff6,0
297541764647124,c868c0d02ff6,0
297543886609440,c868c0d02ff6,0
296708974279400,adb984fc509d,2
296709201129019,adb984fc509d,2
296730377849338,adb984fc509d,0
296740108796559,adb984fc509d,0
296740182199050,adb984fc509d,0
296767452478331,adb984fc509d,0
297514544048384,adb984fc509d,2
297514565398139,adb984fc509d,0
297514571904731,adb984fc509d,2
297514798076580,adb984fc509d,2
297514969959052,adb984fc509d,0
297515575614324,adb984fc509d,0
297515777860892,adb984fc509d,2
297515994882846,adb984fc509d,0
297540746501030,adb984fc509d,2
297541563349434,adb984fc509d,2
297541650646210,adb984fc509d,2
297541764647124,adb984fc509d,2
297543886609440,adb984fc509d,0
296708974279400,219697fc8f09,0
296709201129019,219697fc8f09,0
296730377849338,219697fc8f09,0
296740108796559,219697fc8f09,0
296740182199050,219697fc8f09,0
296767452478331,219697fc8f09,0
297514544048384,219697fc8f09,0
297514565398139,219697fc8f09,0
297514571904731,219697fc8f09,0
297514798076580,219697fc8f09,0
297514969959052,219697fc8f09,0
297515575614324,219697fc8f09,0
297515777860892,219697fc8f09,0
297515994882846,219697fc8f09,0
297540746501030,219697fc8f09,0
297541563349434,219697fc8f09,0
297541650646210,219697fc8f09,0
297541764647124,219697fc8f09,0
297543886609440,219697fc8f09,0
296708974279400,b2d2862bd2e3,1
296709201129019,b2d2862bd2e3,1
296730377849338,b2d2862bd2e3,1
296740108796559,b2d2862bd2e3,1
296740182199050,b2d2862bd2e3,1
296767452478331,b2d2862bd2e3,1
297514544048384,b2d2862bd2e3,0
297514565398139,b2d2862bd2e3,1
297514571904731,b2d2862bd2e3,0
297514798076580,b2d2862bd2e3,1
297514969959052,b2d2862bd2e3,1
297515575614324,b2d2862bd2e3,0
297515777860892,b2d2862bd2e3,0
297515994882846,b2d2862bd2e3,0
297540746501030,b2d2862bd2e3,0
297541563349434,b2d2862bd2e3,0
297541650646210,b2d2862bd2e3,1
297541764647124,b2d2862bd2e3,1
297543886609440,b2d2862bd2e3,1
296708974279400,f85d5ab6e554,0
296709201129019,f85d5ab6e554,0
296730377849338,f85d5ab6e554,0
296740108796559,f85d5ab6e554,0
296740182199050,f85d5ab6e554,0
296767452478331,f85d5ab6e554,0
297514544048384,f85d5ab6e554,0
297514565398139,f85d5ab6e554,0
297514571904731,f85d5ab6e554,0
297514798076580,f85d5ab6e554,0
297514969959052,f85d5ab6e554,0
297515575614324,f85d5ab6e554,0
297515777860892,f85d5ab6e554,0
297515994882846,f85d5ab6e554,0
297540746501030,f85d5ab6e554,0
297541563349434,f85d5ab6e554,0
297541650646210,f85d5ab6e554,0
297541764647124,f85d5ab6e554,0
297543886609440,f85d5ab6e554,0
296708974279400,660f3b5cc170,2
296709201129019,660f3b5cc170,2
296730377849338,660f3b5cc170,2
296740108796559,660f3b5cc170,2
296740182199050,660f3b5cc170,2
296767452478331,660f3b5cc170,2
297514544048384,660f3b5cc170,2
297514565398139,660f3b5cc170,2
297514571904731,660f3b5cc170,2
297514798076580,660f3b5cc170,2
297514969959052,660f3b5cc170,2
297515575614324,660f3b5cc170,2
297515777860892,660f3b5cc170,2
297515994882846,660f3b5cc170,2
297540746501030,660f3b5cc170,2
297541563349434,660f3b5cc170,2
297541650646210,660f3b5cc170,2
297541764647124,660f3b5cc170,2
297543886609440,660f3b5cc170,2
296708974279400,b7ede6cd9d89,0
296709201129019,b7ede6cd9d89,0
296730377849338,b7ede6cd9d89,0
296740108796559,b7ede6cd9d89,0
296740182199050,b7ede6cd9d89,0
296767452478331,b7ede6cd9d89,0
297514544048384,b7ede6cd9d89,0
297514565398139,b7ede6cd9d89,0
297514571904731,b7ede6cd9d89,0
297514798076580,b7ede6cd9d89,0
297514969959052,b7ede6cd9d89,0
297515575614324,b7ede6cd9d89,0
297515777860892,b7ede6cd9d89,0
297515994882846,b7ede6cd9d89,0
297540746501030,b7ede6cd9d89,0
297541563349434,b7ede6cd9d89,0
297541650646210,b7ede6cd9d89,0
297541764647124,b7ede6cd9d89,0
297543886609440,b7ede6cd9d89,0
296708974279400,0a7528250079,2
296709201129019,0a7528250079,2
296730377849338,0a7528250079,2
296740108796559,0a7528250079,2
296740182199050,0a7528250079,2
296767452478331,0a7528250079,2
297514544048384,0a7528250079,2
297514565398139,0a7528250079,2
297514571904731,0a7528250079,2
297514798076580,0a7528250079,2
297514969959052,0a7528250079,2
297515575614324,0a7528250079,2
297515777860892,0a7528250079,2
297515994882846,0a7528250079,2
297540746501030,0a7528250079,2
297541563349434,0a7528250079,2
297541650646210,0a7528250079,2
297541764647124,0a7528250079,2
297543886609440,0a7528250079,2
296708974279400,4e55b6c1d565,0
296709201129019,4e55b6c1d565,0
296730377849338,4e55b6c1d565,0
296740108796559,4e55b6c1d565,0
296740182199050,4e55b6c1d565,0
296767452478331,4e55b6c1d565,0
297514544048384,4e55b6c1d565,0
297514565398139,4e55b6c1d565,0
297514571904731,4e55b6c1d565,0
297514798076580,4e55b6c1d565,0
297514969959052,4e55b6c1d565,0
297515575614324,4e55b6c1d565,0
297515777860892,4e55b6c1d565,0
297515994882846,4e55b6c1d565,0
297540746501030,4e55b6c1d565,0
297541563349434,4e55b6c1d565,0
297541650646210,4e55b6c1d565,0
297541764647124,4e55b6c1d565,0
297543886609440,4e55b6c1d565,0
296708974279400,b079364a9df6,0
296709201129019,b079364a9df6,0
296730377849338,b079364a9df6,0
296740108796559,b079364a9df6,0
296740182199050,b079364a9df6,0
296767452478331,b079364a9df6,0
297514544048384,b079364a9df6,0
297514565398139,b079364a9df6,0
297514571904731,b079364a9df6,0
297514798076580,b079364a9df6,0
297514969959052,b079364a9df6,0
297515575614324,b079364a9df6,0
297515777860892,b079364a9df6,0
297515994882846,b079364a9df6,0
297540746501030,b079364a9df6,0
297541563349434,b079364a9df6,0
297541650646210,b079364a9df6,0
297541764647124,b079364a9df6,0
297543886609440,b079364a9df6,0
296708974279400,65bafa573087,0
296709201129019,65bafa573087,0
296730377849338,65bafa573087,0
296740108796559,65bafa573087,0
296740182199050,65bafa573087,0
296767452478331,65bafa573087,0
297514544048384,65bafa573087,0
297514565398139,65bafa573087,0
297514571904731,65bafa573087,0
297514798076580,65bafa573087,0
297514969959052,65bafa573087,0
297515575614324,65bafa573087,0
297515777860892,65bafa573087,0
297515994882846,65bafa573087,0
297540746501030,65bafa573087,0
297541563349434,65bafa573087,0
297541650646210,65bafa573087,0
297541764647124,65bafa573087,0
297543886609440,65bafa573087,0
296708974279400,b34c8d2de6fb,0
296709201129019,b34c8d2de6fb,0
296730377849338,b34c8d2de6fb,0
296740108796559,b34c8d2de6fb,0
296740182199050,b34c8d2de6fb,0
296767452478331,b34c8d2de6fb,0
297514544048384,b34c8d2de6fb,0
297514565398139,b34c8d2de6fb,0
297514571904731,b34c8d2de6fb,0
297514798076580,b34c8d2de6fb,0
297514969959052,b34c8d2de6fb,0
297515575614324,b34c8d2de6fb,0
297515777860892,b34c8d2de6fb,0
297515994882846,b34c8d2de6fb,0
297540746501030,b34c8d2de6fb,0
297541563349434,b34c8d2de6fb,0
297541650646210,b34c8d2de6fb,0
297541764647124,b34c8d2de6fb,0
297543886609440,b34c8d2de6fb,0
296708974279400,9fc7063e0739,0
296709201129019,9fc7063e0739,0
296730377849338,9fc7063e0739,0
296740108796559,9fc7063e0739,0
296740182199050,9fc7063e0739,0
296767452478331,9fc7063e0739,0
297514544048384,9fc7063e0739,0
297514565398139,9fc7063e0739,0
297514571904731,9fc7063e0739,0
297514798076580,9fc7063e0739,0
297514969959052,9fc7063e0739,0
297515575614324,9fc7063e0739,0
297515777860892,9fc7063e0739,0
297515994882846,9fc7063e0739,0
297540746501030,9fc7063e0739,0
297541563349434,9fc7063e0739,0
297541650646210,9fc7063e0739,0
297541764647124,9fc7063e0739,0
297543886609440,9fc7063e0739,0
296708974279400,8d7810ca2ec4,2
296709201129019,8d7810ca2ec4,2
296730377849338,8d7810ca2ec4,2
296740108796559,8d7810ca2ec4,2
296740182199050,8d7810ca2ec4,2
296767452478331,8d7810ca2ec4,2
297514544048384,8d7810ca2ec4,2
297514565398139,8d7810ca2ec4,2
297514571904731,8d7810ca2ec4,2
297514798076580,8d7810ca2ec4,2
297514969959052,8d7810ca2ec4,2
297515575614324,8d7810ca2ec4,2
297515777860892,8d7810ca2ec4,2
297515994882846,8d7810ca2ec4,2
297540746501030,8d7810ca2ec4,2
297541563349434,8d7810ca2ec4,2
297541650646210,8d7810ca2ec4,2
297541764647124,8d7810ca2ec4,2
297543886609440,8d7810ca2ec4,2
296708974279400,4a6c2bfa8276,2
296709201129019,4a6c2bfa8276,2
296730377849338,4a6c2bfa8276,2
296740108796559,4a6c2bfa8276,2
296740182199050,4a6c2bfa8276,2
296767452478331,4a6c2bfa8276,2
297514544048384,4a6c2bfa8276,2
297514565398139,4a6c2bfa8276,2
297514571904731,4a6c2bfa8276,2
297514798076580,4a6c2bfa8276,2
297514969959052,4a6c2bfa8276,2
297515575614324,4a6c2bfa8276,2
297515777860892,4a6c2bfa8276,2
297515994882846,4a6c2bfa8276,2
297540746501030,4a6c2bfa8276,2
297541563349434,4a6c2bfa8276,2
297541650646210,4a6c2bfa8276,2
297541764647124,4a6c2bfa8276,2
297543886609440,4a6c2bfa8276,2
296708974279400,7cc45e471e1f,2
296709201129019,7cc45e471e1f,2
296730377849338,7cc45e471e1f,2
296740108796559,7cc45e471e1f,2
296740182199050,7cc45e471e1f,2
296767452478331,7cc45e471e1f,2
297514544048384,7cc45e471e1f,2
297514565398139,7cc45e471e1f,2
297514571904731,7cc45e471e1f,2
297514798076580,7cc45e471e1f,2
297514969959052,7cc45e471e1f,2
297515575614324,7cc45e471e1f,2
297515777860892,7cc45e471e1f,2
297515994882846,7cc45e471e1f,2
297540746501030,7cc45e471e1f,2
297541563349434,7cc45e471e1f,2
297541650646210,7cc45e471e1f,2
297541764647124,7cc45e471e1f,2
297543886609440,7cc45e471e1f,2
296708974279400,06d3710f950c,2
296709201129019,06d3710f950c,2
296730377849338,06d3710f950c,2
296740108796559,06d3710f950c,2
296740182199050,06d3710f950c,2
296767452478331,06d3710f950c,2
297514544048384,06d3710f950c,2
297514565398139,06d3710f950c,2
297514571904731,06d3710f950c,2
297514798076580,06d3710f950c,2
297514969959052,06d3710f950c,2
297515575614324,06d3710f950c,2
297515777860892,06d3710f950c,2
297515994882846,06d3710f950c,2
297540746501030,06d3710f950c,2
297541563349434,06d3710f950c,2
297541650646210,06d3710f950c,2
297541764647124,06d3710f950c,2
297543886609440,06d3710f950c,2
296708974279400,12481aefb7a1,0
296709201129019,12481aefb7a1,0
296730377849338,12481aefb7a1,0
296740108796559,12481aefb7a1,0
296740182199050,12481aefb7a1,0
296767452478331,12481aefb7a1,0
297514544048384,12481aefb7a1,0
297514565398139,12481aefb7a1,0
297514571904731,12481aefb7a1,0
297514798076580,12481aefb7a1,0
297514969959052,12481aefb7a1,0
297515575614324,12481aefb7a1,0
297515777860892,12481aefb7a1,0
297515994882846,12481aefb7a1,0
297540746501030,12481aefb7a1,0
297541563349434,12481aefb7a1,0
297541650646210,12481aefb7a1,0
297541764647124,12481aefb7a1,0
297543886609440,12481aefb7a1,0
296708974279400,5bc4c4aaa53e,2
296709201129019,5bc4c4aaa53e,2
296730377849338,5bc4c4aaa53e,2
296740108796559,5bc4c4aaa53e,2
296740182199050,5bc4c4aaa53e,2
296767452478331,5bc4c4aaa53e,2
297514544048384,5bc4c4aaa53e,2
297514565398139,5bc4c4aaa53e,2
297514571904731,5bc4c4aaa53e,2
297514798076580,5bc4c4aaa53e,2
297514969959052,5bc4c4aaa53e,2
297515575614324,5bc4c4aaa53e,2
297515777860892,5bc4c4aaa53e,2
297515994882846,5bc4c4aaa53e,2
297540746501030,5bc4c4aaa53e,2
297541563349434,5bc4c4aaa53e,2
297541650646210,5bc4c4aaa53e,2
297541764647124,5bc4c4aaa53e,2
297543886609440,5bc4c4aaa53e,2
296708974279400,3e1215e2d351,2
296709201129019,3e1215e2d351,2
296730377849338,3e1215e2d351,2
296740108796559,3e1215e2d351,1
296740182199050,3e1215e2d351,1
296767452478331,3e1215e2d351,1
297514544048384,3e1215e2d351,1
297514565398139,3e1215e2d351,1
297514571904731,3e1215e2d351,2
297514798076580,3e1215e2d351,2
297514969959052,3e1215e2d351,1
297515575614324,3e1215e2d351,1
297515777860892,3e1215e2d351,2
297515994882846,3e1215e2d351,1
297540746501030,3e1215e2d351,2
297541563349434,3e1215e2d351,2
297541650646210,3e1215e2d351,2
297541764647124,3e1215e2d351,2
297543886609440,3e1215e2d351,2
296708974279400,dc30e0bae357,0
296709201129019,dc30e0bae357,0
296730377849338,dc30e0bae357,0
296740108796559,dc30e0bae357,0
296740182199050,dc30e0bae357,0
296767452478331,dc30e0bae357,0
297514544048384,dc30e0bae357,0
297514565398139,dc30e0bae357,0
297514571904731,dc30e0bae357,0
297514798076580,dc30e0bae357,0
297514969959052,dc30e0bae357,0
297515575614324,dc30e0bae357,0
297515777860892,dc30e0bae357,0
297515994882846,dc30e0bae357,0
297540746501030,dc30e0bae357,0
297541563349434,dc30e0bae357,0
297541650646210,dc30e0bae357,0
297541764647124,dc30e0bae357,0
297543886609440,dc30e0bae357,0
296708974279400,d34a86dff9f9,0
296709201129019,d34a86dff9f9,0
296730377849338,d34a86dff9f9,0
296740108796559,d34a86dff9f9,0
296740182199050,d34a86dff9f9,0
296767452478331,d34a86dff9f9,0
297514544048384,d34a86dff9f9,0
297514565398139,d34a86dff9f9,0
297514571904731,d34a86dff9f9,0
297514798076580,d34a86dff9f9,0
297514969959052,d34a86dff9f9,0
297515575614324,d34a86dff9f9,0
297515777860892,d34a86dff9f9,0
297515994882846,d34a86dff9f9,0
297540746501030,d34a86dff9f9,0
297541563349434,d34a86dff9f9,0
297541650646210,d34a86dff9f9,0
297541764647124,d34a86dff9f9,0
297543886609440,d34a86dff9f9,0
296708974279400,dabe9e875bab,2
296709201129019,dabe9e875bab,2
296730377849338,dabe9e875bab,2
296740108796559,dabe9e875bab,2
296740182199050,dabe9e875bab,1
296767452478331,dabe9e875bab,2
297514544048384,dabe9e875bab,2
297514565398139,dabe9e875bab,2
297514571904731,dabe9e875bab,2
297514798076580,dabe9e875bab,2
297514969959052,dabe9e875bab,2
297515575614324,dabe9e875bab,2
297515777860892,dabe9e875bab,2
297515994882846,dabe9e875bab,2
297540746501030,dabe9e875bab,2
297541563349434,dabe9e875bab,2
297541650646210,dabe9e875bab,2
297541764647124,dabe9e875bab,2
297543886609440,dabe9e875bab,1
296708974279400,d553883137d4,0
296709201129019,d553883137d4,0
296730377849338,d553883137d4,0
296740108796559,d553883137d4,0
296740182199050,d553883137d4,0
296767452478331,d553883137d4,0
297514544048384,d553883137d4,0
297514565398139,d553883137d4,0
297514571904731,d553883137d4,0
297514798076580,d553883137d4,0
297514969959052,d553883137d4,0
297515575614324,d553883137d4,0
297515777860892,d553883137d4,0
297515994882846,d553883137d4,0
297540746501030,d553883137d4,0
297541563349434,d553883137d4,0
297541650646210,d553883137d4,0
297541764647124,d553883137d4,0
297543886609440,d553883137d4,0
296708974279400,7e1577727a1c,1
296709201129019,7e1577727a1c,0
296730377849338,7e1577727a1c,1
296740108796559,7e1577727a1c,1
296740182199050,7e1577727a1c,1
296767452478331,7e1577727a1c,1
297514544048384,7e1577727a1c,1
297514565398139,7e1577727a1c,1
297514571904731,7e1577727a1c,1
297514798076580,7e1577727a1c,1
297514969959052,7e1577727a1c,1
297515575614324,7e1577727a1c,1
297515777860892,7e1577727a1c,0
297515994882846,7e1577727a1c,1
297540746501030,7e1577727a1c,1
297541563349434,7e1577727a1c,1
297541650646210,7e1577727a1c,1
297541764647124,7e1577727a1c,1
297543886609440,7e1577727a1c,1
296708974279400,8a9e06d23318,2
296709201129019,8a9e06d23318,2
296730377849338,8a9e06d23318,2
296740108796559,8a9e06d23318,2
296740182199050,8a9e06d23318,2
296767452478331,8a9e06d23318,2
297514544048384,8a9e06d23318,2
297514565398139,8a9e06d23318,2
297514571904731,8a9e06d23318,2
297514798076580,8a9e06d23318,2
297514969959052,8a9e06d23318,2
297515575614324,8a9e06d23318,2
297515777860892,8a9e06d23318,2
297515994882846,8a9e06d23318,2
297540746501030,8a9e06d23318,2
297541563349434,8a9e06d23318,2
297541650646210,8a9e06d23318,2
297541764647124,8a9e06d23318,2
297543886609440,8a9e06d23318,2
296708974279400,066093e6c6c4,0
296709201129019,066093e6c6c4,0
296730377849338,066093e6c6c4,1
296740108796559,066093e6c6c4,1
296740182199050,066093e6c6c4,1
296767452478331,066093e6c6c4,0
297514544048384,066093e6c6c4,0
297514565398139,066093e6c6c4,0
297514571904731,066093e6c6c4,0
297514798076580,066093e6c6c4,0
297514969959052,066093e6c6c4,1
297515575614324,066093e6c6c4,1
297515777860892,066093e6c6c4,1
297515994882846,066093e6c6c4,0
297540746501030,066093e6c6c4,0
297541563349434,066093e6c6c4,1
297541650646210,066093e6c6c4,1
297541764647124,066093e6c6c4,1
297543886609440,066093e6c6c4,1
296708974279400,f3fbe63af3db,0
296709201129019,f3fbe63af3db,0
296730377849338,f3fbe63af3db,0
296740108796559,f3fbe63af3db,0
296740182199050,f3fbe63af3db,0
296767452478331,f3fbe63af3db,0
297514544048384,f3fbe63af3db,0
297514565398139,f3fbe63af3db,0
297514571904731,f3fbe63af3db,0
297514798076580,f3fbe63af3db,0
297514969959052,f3fbe63af3db,0
297515575614324,f3fbe63af3db,0
297515777860892,f3fbe63af3db,0
297515994882846,f3fbe63af3db,0
297540746501030,f3fbe63af3db,0
297541563349434,f3fbe63af3db,0
297541650646210,f3fbe63af3db,0
297541764647124,f3fbe63af3db,0
297543886609440,f3fbe63af3db,0
296708974279400,7aae0cebe2c4,0
296709201129019,7aae0cebe2c4,0
296730377849338,7aae0cebe2c4,0
296740108796559,7aae0cebe2c4,0
296740182199050,7aae0cebe2c4,0
296767452478331,7aae0cebe2c4,0
297514544048384,7aae0cebe2c4,0
297514565398139,7aae0cebe2c4,0
297514571904731,7aae0cebe2c4,0
297514798076580,7aae0cebe2c4,0
297514969959052,7aae0cebe2c4,0
297515575614324,7aae0cebe2c4,0
297515777860892,7aae0cebe2c4,0
297515994882846,7aae0cebe2c4,0
297540746501030,7aae0cebe2c4,0
297541563349434,7aae0cebe2c4,0
297541650646210,7aae0cebe2c4,0
297541764647124,7aae0cebe2c4,0
297543886609440,7aae0cebe2c4,0
296708974279400,bc3dd3911b89,1
296709201129019,bc3dd3911b89,1
296730377849338,bc3dd3911b89,1
296740108796559,bc3dd3911b89,1
296740182199050,bc3dd3911b89,1
296767452478331,bc3dd3911b89,1
297514544048384,bc3dd3911b89,1
297514565398139,bc3dd3911b89,1
297514571904731,bc3dd3911b89,1
297514798076580,bc3dd3911b89,1
297514969959052,bc3dd3911b89,1
297515575614324,bc3dd3911b89,1
297515777860892,bc3dd3911b89,1
297515994882846,bc3dd3911b89,1
297540746501030,bc3dd3911b89,1
297541563349434,bc3dd3911b89,1
297541650646210,bc3dd3911b89,1
297541764647124,bc3dd3911b89,1
297543886609440,bc3dd3911b89,1
296708974279400,c8ecb7231c7f,2
296709201129019,c8ecb7231c7f,2
296730377849338,c8ecb7231c7f,2
296740108796559,c8ecb7231c7f,2
296740182199050,c8ecb7231c7f,2
296767452478331,c8ecb7231c7f,2
297514544048384,c8ecb7231c7f,2
297514565398139,c8ecb7231c7f,2
297514571904731,c8ecb7231c7f,2
297514798076580,c8ecb7231c7f,2
297514969959052,c8ecb7231c7f,2
297515575614324,c8ecb7231c7f,2
297515777860892,c8ecb7231c7f,2
297515994882846,c8ecb7231c7f,2
297540746501030,c8ecb7231c7f,2
297541563349434,c8ecb7231c7f,2
297541650646210,c8ecb7231c7f,2
297541764647124,c8ecb7231c7f,2
297543886609440,c8ecb7231c7f,2
296708974279400,b9d7390c31f0,0
296709201129019,b9d7390c31f0,0
296730377849338,b9d7390c31f0,0
296740108796559,b9d7390c31f0,0
296740182199050,b9d7390c31f0,0
296767452478331,b9d7390c31f0,0
297514544048384,b9d7390c31f0,0
297514565398139,b9d7390c31f0,0
297514571904731,b9d7390c31f0,0
297514798076580,b9d7390c31f0,0
297514969959052,b9d7390c31f0,0
297515575614324,b9d7390c31f0,0
297515777860892,b9d7390c31f0,0
297515994882846,b9d7390c31f0,0
297540746501030,b9d7390c31f0,0
297541563349434,b9d7390c31f0,0
297541650646210,b9d7390c31f0,0
297541764647124,b9d7390c31f0,0
297543886609440,b9d7390c31f0,0
296708974279400,23e19ff8063b,0
296709201129019,23e19ff8063b,0
296730377849338,23e19ff8063b,0
296740108796559,23e19ff8063b,0
296740182199050,23e19ff8063b,0
296767452478331,23e19ff8063b,0
297514544048384,23e19ff8063b,0
297514565398139,23e19ff8063b,0
297514571904731,23e19ff8063b,0
297514798076580,23e19ff8063b,0
297514969959052,23e19ff8063b,0
297515575614324,23e19ff8063b,0
297515777860892,23e19ff8063b,0
297515994882846,23e19ff8063b,0
297540746501030,23e19ff8063b,0
297541563349434,23e19ff8063b,0
297541650646210,23e19ff8063b,0
297541764647124,23e19ff8063b,0
297543886609440,23e19ff8063b,0
296708974279400,e11b282fc5ec,1
296709201129019,e11b282fc5ec,1
296730377849338,e11b282fc5ec,1
296740108796559,e11b282fc5ec,1
296740182199050,e11b282fc5ec,1
296767452478331,e11b282fc5ec,1
297514544048384,e11b282fc5ec,1
297514565398139,e11b282fc5ec,1
297514571904731,e11b282fc5ec,1
297514798076580,e11b282fc5ec,1
297514969959052,e11b282fc5ec,1
297515575614324,e11b282fc5ec,1
297515777860892,e11b282fc5ec,1
297515994882846,e11b282fc5ec,1
297540746501030,e11b282fc5ec,1
297541563349434,e11b282fc5ec,1
297541650646210,e11b282fc5ec,1
297541764647124,e11b282fc5ec,1
297543886609440,e11b282fc5ec,1
296708974279400,a1c774867fc9,0
296709201129019,a1c774867fc9,0
296730377849338,a1c774867fc9,0
296740108796559,a1c774867fc9,0
296740182199050,a1c774867fc9,0
296767452478331,a1c774867fc9,0
297514544048384,a1c774867fc9,0
297514565398139,a1c774867fc9,0
297514571904731,a1c774867fc9,0
297514798076580,a1c774867fc9,0
297514969959052,a1c774867fc9,0
297515575614324,a1c774867fc9,0
297515777860892,a1c774867fc9,0
297515994882846,a1c774867fc9,0
297540746501030,a1c774867fc9,0
297541563349434,a1c774867fc9,0
297541650646210,a1c774867fc9,0
297541764647124,a1c774867fc9,0
297543886609440,a1c774867fc9,0
296708974279400,2f9aa4b01317,1
296709201129019,2f9aa4b01317,2
296730377849338,2f9aa4b01317,1
296740108796559,2f9aa4b01317,1
296740182199050,2f9aa4b01317,1
296767452478331,2f9aa4b01317,1
297514544048384,2f9aa4b01317,1
297514565398139,2f9aa4b01317,1
297514571904731,2f9aa4b01317,1
297514798076580,2f9aa4b01317,1
297514969959052,2f9aa4b01317,1
297515575614324,2f9aa4b01317,2
297515777860892,2f9aa4b01317,1
297515994882846,2f9aa4b01317,1
297540746501030,2f9aa4b01317,1
297541563349434,2f9aa4b01317,1
297541650646210,2f9aa4b01317,2
297541764647124,2f9aa4b01317,1
297543886609440,2f9aa4b01317,1
296708974279400,6c80a826846d,0
296709201129019,6c80a826846d,0
296730377849338,6c80a826846d,0
296740108796559,6c80a826846d,0
296740182199050,6c80a826846d,0
296767452478331,6c80a826846d,0
297514544048384,6c80a826846d,0
297514565398139,6c80a826846d,0
297514571904731,6c80a826846d,0
297514798076580,6c80a826846d,0
297514969959052,6c80a826846d,0
297515575614324,6c80a826846d,0
297515777860892,6c80a826846d,0
297515994882846,6c80a826846d,0
297540746501030,6c80a826846d,0
297541563349434,6c80a826846d,0
297541650646210,6c80a826846d,0
297541764647124,6c80a826846d,0
297543886609440,6c80a826846d,0
296708974279400,c7c4964adb38,0
296709201129019,c7c4964adb38,0
296730377849338,c7c4964adb38,0
296740108796559,c7c4964adb38,0
296740182199050,c7c4964adb38,0
296767452478331,c7c4964adb38,0
297514544048384,c7c4964adb38,0
297514565398139,c7c4964adb38,0
297514571904731,c7c4964adb38,0
297514798076580,c7c4964adb38,0
297514969959052,c7c4964adb38,0
297515575614324,c7c4964adb38,0
297515777860892,c7c4964adb38,0
297515994882846,c7c4964adb38,0
297540746501030,c7c4964adb38,0
297541563349434,c7c4964adb38,0
297541650646210,c7c4964adb38,0
297541764647124,c7c4964adb38,0
297543886609440,c7c4964adb38,0
296708974279400,8cfe04ef86e0,0
296709201129019,8cfe04ef86e0,0
296730377849338,8cfe04ef86e0,0
296740108796559,8cfe04ef86e0,0
296740182199050,8cfe04ef86e0,0
296767452478331,8cfe04ef86e0,0
297514544048384,8cfe04ef86e0,0
297514565398139,8cfe04ef86e0,0
297514571904731,8cfe04ef86e0,0
297514798076580,8cfe04ef86e0,0
297514969959052,8cfe04ef86e0,0
297515575614324,8cfe04ef86e0,0
297515777860892,8cfe04ef86e0,0
297515994882846,8cfe04ef86e0,0
297540746501030,8cfe04ef86e0,0
297541563349434,8cfe04ef86e0,0
297541650646210,8cfe04ef86e0,0
297541764647124,8cfe04ef86e0,0
297543886609440,8cfe04ef86e0,0
296708974279400,e29065957a9c,0
296709201129019,e29065957a9c,0
296730377849338,e29065957a9c,0
296740108796559,e29065957a9c,0
296740182199050,e29065957a9c,0
296767452478331,e29065957a9c,0
297514544048384,e29065957a9c,0
297514565398139,e29065957a9c,0
297514571904731,e29065957a9c,0
297514798076580,e29065957a9c,0
297514969959052,e29065957a9c,0
297515575614324,e29065957a9c,0
297515777860892,e29065957a9c,0
297515994882846,e29065957a9c,0
297540746501030,e29065957a9c,0
297541563349434,e29065957a9c,0
297541650646210,e29065957a9c,0
297541764647124,e29065957a9c,0
297543886609440,e29065957a9c,0
296708974279400,40470cfe5f83,2
296709201129019,40470cfe5f83,2
296730377849338,40470cfe5f83,2
296740108796559,40470cfe5f83,2
296740182199050,40470cfe5f83,2
296767452478331,40470cfe5f83,2
297514544048384,40470cfe5f83,2
297514565398139,40470cfe5f83,2
297514571904731,40470cfe5f83,2
297514798076580,40470cfe5f83,2
297514969959052,40470cfe5f83,2
297515575614324,40470cfe5f83,2
297515777860892,40470cfe5f83,2
297515994882846,40470cfe5f83,2
297540746501030,40470cfe5f83,2
297541563349434,40470cfe5f83,2
297541650646210,40470cfe5f83,2
297541764647124,40470cfe5f83,2
297543886609440,40470cfe5f83,2
297540595561651,f2d947511468,0
297540652087669,f2d947511468,0
297541271230564,f2d947511468,0
297543941441033,f2d947511468,0
297540595561651,219697fc8f09,0
297540652087669,219697fc8f09,0
297541271230564,219697fc8f09,0
297543941441033,219697fc8f09,0
297540595561651,3e1215e2d351,2
297540652087669,3e1215e2d351,2
297541271230564,3e1215e2d351,1
297543941441033,3e1215e2d351,1
297540595561651,7aae0cebe2c4,0
297540652087669,7aae0cebe2c4,0
297541271230564,7aae0cebe2c4,0
297543941441033,7aae0cebe2c4,0
297540595561651,3ec73b710a3d,0
297540652087669,3ec73b710a3d,0
297541271230564,3ec73b710a3d,0
297543941441033,3ec73b710a3d,0
297540595561651,d34a86dff9f9,0
297540652087669,d34a86dff9f9,0
297541271230564,d34a86dff9f9,0
297543941441033,d34a86dff9f9,0
297540595561651,a6e8f96e0b71,2
297540652087669,a6e8f96e0b71,1
297541271230564,a6e8f96e0b71,1
297543941441033,a6e8f96e0b71,1
297540595561651,2c71b2c0cc94,0
297540652087669,2c71b2c0cc94,0
297541271230564,2c71b2c0cc94,0
297543941441033,2c71b2c0cc94,0
297540595561651,06d3710f950c,2
297540652087669,06d3710f950c,2
297541271230564,06d3710f950c,2
297543941441033,06d3710f950c,2
297540595561651,f5d806fa2e94,1
297540652087669,f5d806fa2e94,1
297541271230564,f5d806fa2e94,1
297543941441033,f5d806fa2e94,1
297540595561651,571872329691,2
297540652087669,571872329691,2
297541271230564,571872329691,2
297543941441033,571872329691,2
297540595561651,c7c4964adb38,0
297540652087669,c7c4964adb38,0
297541271230564,c7c4964adb38,0
297543941441033,c7c4964adb38,0
297540595561651,b2d2862bd2e3,1
297540652087669,b2d2862bd2e3,1
297541271230564,b2d2862bd2e3,1
297543941441033,b2d2862bd2e3,1
297540595561651,f3fbe63af3db,0
297540652087669,f3fbe63af3db,0
297541271230564,f3fbe63af3db,0
297543941441033,f3fbe63af3db,0
297540595561651,6559cc7f3f20,1
297540652087669,6559cc7f3f20,1
297541271230564,6559cc7f3f20,0
297543941441033,6559cc7f3f20,0
297540595561651,39029d437148,0
297540652087669,39029d437148,0
297541271230564,39029d437148,0
297543941441033,39029d437148,0
297540595561651,e29065957a9c,0
297540652087669,e29065957a9c,0
297541271230564,e29065957a9c,0
297543941441033,e29065957a9c,0
297540595561651,f79280931360,0
297540652087669,f79280931360,0
297541271230564,f79280931360,0
297543941441033,f79280931360,0
297540595561651,0a7528250079,2
297540652087669,0a7528250079,2
297541271230564,0a7528250079,2
297543941441033,0a7528250079,2
297540595561651,0874d272bf9c,0
297540652087669,0874d272bf9c,0
297541271230564,0874d272bf9c,0
297543941441033,0874d272bf9c,0
297540595561651,b9d7390c31f0,0
297540652087669,b9d7390c31f0,0
297541271230564,b9d7390c31f0,0
297543941441033,b9d7390c31f0,0
297540595561651,f21ada2b98df,1
297540652087669,f21ada2b98df,0
297541271230564,f21ada2b98df,0
297543941441033,f21ada2b98df,0
297540595561651,e742f33e1525,0
297540652087669,e742f33e1525,0
297541271230564,e742f33e1525,1
297543941441033,e742f33e1525,0
297540595561651,2e4d51b83f53,0
297540652087669,2e4d51b83f53,0
297541271230564,2e4d51b83f53,0
297543941441033,2e4d51b83f53,0
297540595561651,492709e1a540,0
297540652087669,492709e1a540,0
297541271230564,492709e1a540,0
297543941441033,492709e1a540,0
297540595561651,faa3f61d2381,0
297540652087669,faa3f61d2381,0
297541271230564,faa3f61d2381,0
297543941441033,faa3f61d2381,0
297540595561651,b8b6c30122de,0
297540652087669,b8b6c30122de,0
297541271230564,b8b6c30122de,0
297543941441033,b8b6c30122de,0
297540595561651,9fc7063e0739,0
297540652087669,9fc7063e0739,0
297541271230564,9fc7063e0739,0
297543941441033,9fc7063e0739,0
297540595561651,7e1577727a1c,1
297540652087669,7e1577727a1c,1
297541271230564,7e1577727a1c,1
297543941441033,7e1577727a1c,1
297540595561651,8cfe04ef86e0,0
297540652087669,8cfe04ef86e0,0
297541271230564,8cfe04ef86e0,0
297543941441033,8cfe04ef86e0,0
297540595561651,18b56bd3bd89,0
297540652087669,18b56bd3bd89,0
297541271230564,18b56bd3bd89,0
297543941441033,18b56bd3bd89,0
297540595561651,e418d0813f35,0
297540652087669,e418d0813f35,0
297541271230564,e418d0813f35,0
297543941441033,e418d0813f35,0
297540595561651,f0dc80f30908,0
297540652087669,f0dc80f30908,0
297541271230564,f0dc80f30908,0
297543941441033,f0dc80f30908,0
297540595561651,d6a684096b08,2
297540652087669,d6a684096b08,2
297541271230564,d6a684096b08,2
297543941441033,d6a684096b08,2
297540595561651,adb984fc509d,2
297540652087669,adb984fc509d,2
297541271230564,adb984fc509d,0
297543941441033,adb984fc509d,0
297540595561651,1bdf007a5d1f,1
297540652087669,1bdf007a5d1f,0
297541271230564,1bdf007a5d1f,1
297543941441033,1bdf007a5d1f,0
297540595561651,d403e92b7f13,2
297540652087669,d403e92b7f13,2
297541271230564,d403e92b7f13,2
297543941441033,d403e92b7f13,2
297540595561651,f118f1eddd18,2
297540652087669,f118f1eddd18,2
297541271230564,f118f1eddd18,2
297543941441033,f118f1eddd18,2
297540595561651,b079364a9df6,0
297540652087669,b079364a9df6,0
297541271230564,b079364a9df6,0
297543941441033,b079364a9df6,0
297540595561651,6de0c6914e14,1
297540652087669,6de0c6914e14,0
297541271230564,6de0c6914e14,1
297543941441033,6de0c6914e14,1
297540595561651,c868c0d02ff6,0
297540652087669,c868c0d02ff6,0
297541271230564,c868c0d02ff6,0
297543941441033,c868c0d02ff6,0
297540595561651,a36a89f17955,1
297540652087669,a36a89f17955,1
297541271230564,a36a89f17955,1
297543941441033,a36a89f17955,1
297540595561651,cef439b806a2,2
297540652087669,cef439b806a2,2
297541271230564,cef439b806a2,2
297543941441033,cef439b806a2,2
297540595561651,4df2aebd0064,0
297540652087669,4df2aebd0064,0
297541271230564,4df2aebd0064,0
297543941441033,4df2aebd0064,0
297540595561651,d553883137d4,0
297540652087669,d553883137d4,0
297541271230564,d553883137d4,0
297543941441033,d553883137d4,0
297540595561651,3ab9165bf16b,0
297540652087669,3ab9165bf16b,0
297541271230564,3ab9165bf16b,0
297543941441033,3ab9165bf16b,0
297540595561651,e55fab634a50,0
297540652087669,e55fab634a50,0
297541271230564,e55fab634a50,0
297543941441033,e55fab634a50,0
297540595561651,b34c8d2de6fb,0
297540652087669,b34c8d2de6fb,0
297541271230564,b34c8d2de6fb,0
297543941441033,b34c8d2de6fb,0
297540595561651,a479dee0c0f9,2
297540652087669,a479dee0c0f9,2
297541271230564,a479dee0c0f9,2
297543941441033,a479dee0c0f9,2
297540595561651,c400425a684e,0
297540652087669,c400425a684e,2
297541271230564,c400425a684e,2
297543941441033,c400425a684e,0
297540595561651,23e19ff8063b,0
297540652087669,23e19ff8063b,0
297541271230564,23e19ff8063b,0
297543941441033,23e19ff8063b,0
297540595561651,65bafa573087,1
297540652087669,65bafa573087,0
297541271230564,65bafa573087,0
297543941441033,65bafa573087,0
297540595561651,b7ede6cd9d89,0
297540652087669,b7ede6cd9d89,0
297541271230564,b7ede6cd9d89,0
297543941441033,b7ede6cd9d89,0
297540595561651,5bc9e3574947,0
297540652087669,5bc9e3574947,0
297541271230564,5bc9e3574947,0
297543941441033,5bc9e3574947,0
297540595561651,5a9974504d8a,2
297540652087669,5a9974504d8a,2
297541271230564,5a9974504d8a,2
297543941441033,5a9974504d8a,2
297540595561651,42fa91170788,2
297540652087669,42fa91170788,2
297541271230564,42fa91170788,2
297543941441033,42fa91170788,2
297540595561651,e11b282fc5ec,1
297540652087669,e11b282fc5ec,1
297541271230564,e11b282fc5ec,1
297543941441033,e11b282fc5ec,1
297540595561651,328c2ad89ce3,2
297540652087669,328c2ad89ce3,0
297541271230564,328c2ad89ce3,2
297543941441033,328c2ad89ce3,2
297540595561651,7f2302f5a719,0
297540652087669,7f2302f5a719,0
297541271230564,7f2302f5a719,0
297543941441033,7f2302f5a719,0
297540595561651,12481aefb7a1,0
297540652087669,12481aefb7a1,0
297541271230564,12481aefb7a1,0
297543941441033,12481aefb7a1,0
297540595561651,2f85cb2e58b9,1
297540652087669,2f85cb2e58b9,1
297541271230564,2f85cb2e58b9,1
297543941441033,2f85cb2e58b9,1
297540595561651,485ca824a04d,0
297540652087669,485ca824a04d,0
297541271230564,485ca824a04d,0
297543941441033,485ca824a04d,0
297540595561651,c2328077fa91,0
297540652087669,c2328077fa91,0
297541271230564,c2328077fa91,0
297543941441033,c2328077fa91,0
297540595561651,1ab5971233bd,0
297540652087669,1ab5971233bd,0
297541271230564,1ab5971233bd,0
297543941441033,1ab5971233bd,0
297540595561651,bc3dd3911b89,1
297540652087669,bc3dd3911b89,1
297541271230564,bc3dd3911b89,1
297543941441033,bc3dd3911b89,1
297540595561651,db6439c064f9,0
297540652087669,db6439c064f9,0
297541271230564,db6439c064f9,0
297543941441033,db6439c064f9,0
297540595561651,10114524c047,0
297540652087669,10114524c047,0
297541271230564,10114524c047,0
297543941441033,10114524c047,0
297540595561651,6c80a826846d,0
297540652087669,6c80a826846d,0
297541271230564,6c80a826846d,0
297543941441033,6c80a826846d,0
297540595561651,f85d5ab6e554,0
297540652087669,f85d5ab6e554,0
297541271230564,f85d5ab6e554,0
297543941441033,f85d5ab6e554,0
297540595561651,8d7810ca2ec4,2
297540652087669,8d7810ca2ec4,2
297541271230564,8d7810ca2ec4,2
297543941441033,8d7810ca2ec4,2
297540595561651,3d15e12adcdb,2
297540652087669,3d15e12adcdb,2
297541271230564,3d15e12adcdb,2
297543941441033,3d15e12adcdb,2
297540595561651,3b06b1696232,0
297540652087669,3b06b1696232,0
297541271230564,3b06b1696232,0
297543941441033,3b06b1696232,0
297540595561651,066093e6c6c4,0
297540652087669,066093e6c6c4,1
297541271230564,066093e6c6c4,1
297543941441033,066093e6c6c4,0
297540595561651,5bc4c4aaa53e,2
297540652087669,5bc4c4aaa53e,2
297541271230564,5bc4c4aaa53e,2
297543941441033,5bc4c4aaa53e,2
297540595561651,7cc45e471e1f,2
297540652087669,7cc45e471e1f,2
297541271230564,7cc45e471e1f,2
297543941441033,7cc45e471e1f,2
297540595561651,0851866a18d4,1
297540652087669,0851866a18d4,1
297541271230564,0851866a18d4,1
297543941441033,0851866a18d4,1
297540595561651,86a0835f5ade,0
297540652087669,86a0835f5ade,0
297541271230564,86a0835f5ade,0
297543941441033,86a0835f5ade,0
297540595561651,56d01fe91ca8,2
297540652087669,56d01fe91ca8,2
297541271230564,56d01fe91ca8,2
297543941441033,56d01fe91ca8,2
297540595561651,b048e0d9d975,0
297540652087669,b048e0d9d975,0
297541271230564,b048e0d9d975,0
297543941441033,b048e0d9d975,0
297540595561651,8c4126629772,0
297540652087669,8c4126629772,1
297541271230564,8c4126629772,0
297543941441033,8c4126629772,0
297540595561651,837e77c47e79,0
297540652087669,837e77c47e79,0
297541271230564,837e77c47e79,0
297543941441033,837e77c47e79,0
297540595561651,5d930a45e2bb,0
297540652087669,5d930a45e2bb,0
297541271230564,5d930a45e2bb,0
297543941441033,5d930a45e2bb,0
297540595561651,c8ecb7231c7f,2
297540652087669,c8ecb7231c7f,2
297541271230564,c8ecb7231c7f,2
297543941441033,c8ecb7231c7f,2
297540595561651,c7cfe2595322,1
297540652087669,c7cfe2595322,1
297541271230564,c7cfe2595322,1
297543941441033,c7cfe2595322,1
297540595561651,660f3b5cc170,2
297540652087669,660f3b5cc170,2
297541271230564,660f3b5cc170,2
297543941441033,660f3b5cc170,2
297540595561651,71a1cbfabda3,2
297540652087669,71a1cbfabda3,2
297541271230564,71a1cbfabda3,2
297543941441033,71a1cbfabda3,2
297540595561651,5eff880de4d0,2
297540652087669,5eff880de4d0,2
297541271230564,5eff880de4d0,2
297543941441033,5eff880de4d0,2
297540595561651,c4a54accd102,0
297540652087669,c4a54accd102,0
297541271230564,c4a54accd102,0
297543941441033,c4a54accd102,0
297540595561651,2f9aa4b01317,1
297540652087669,2f9aa4b01317,1
297541271230564,2f9aa4b01317,1
297543941441033,2f9aa4b01317,1
297540595561651,5561198a1d1a,0
297540652087669,5561198a1d1a,0
297541271230564,5561198a1d1a,0
297543941441033,5561198a1d1a,0
297540595561651,4e55b6c1d565,0
297540652087669,4e55b6c1d565,0
297541271230564,4e55b6c1d565,0
297543941441033,4e55b6c1d565,0
297540595561651,dabe9e875bab,2
297540652087669,dabe9e875bab,2
297541271230564,dabe9e875bab,1
297543941441033,dabe9e875bab,2
297540595561651,40470cfe5f83,2
297540652087669,40470cfe5f83,2
297541271230564,40470cfe5f83,2
297543941441033,40470cfe5f83,2
297540595561651,dc30e0bae357,0
297540652087669,dc30e0bae357,0
297541271230564,dc30e0bae357,0
297543941441033,dc30e0bae357,0
297540595561651,59c1bce3758e,1
297540652087669,59c1bce3758e,1
297541271230564,59c1bce3758e,1
297543941441033,59c1bce3758e,1
297540595561651,cc7c8e5b2268,0
297540652087669,cc7c8e5b2268,0
297541271230564,cc7c8e5b2268,0
297543941441033,cc7c8e5b2268,0
297540595561651,a1c774867fc9,0
297540652087669,a1c774867fc9,0
297541271230564,a1c774867fc9,0
297543941441033,a1c774867fc9,0
297540595561651,a0eec1ca6804,0
297540652087669,a0eec1ca6804,0
297541271230564,a0eec1ca6804,0
297543941441033,a0eec1ca6804,0
297540595561651,01d53a1e55a2,0
297540652087669,01d53a1e55a2,0
297541271230564,01d53a1e55a2,0
297543941441033,01d53a1e55a2,0
297540595561651,ed139ab1c2b9,0
297540652087669,ed139ab1c2b9,0
297541271230564,ed139ab1c2b9,0
297543941441033,ed139ab1c2b9,0
297540595561651,4a6c2bfa8276,2
297540652087669,4a6c2bfa8276,2
297541271230564,4a6c2bfa8276,2
297543941441033,4a6c2bfa8276,2
297540595561651,7bb2c6ec8a4c,0
297540652087669,7bb2c6ec8a4c,0
297541271230564,7bb2c6ec8a4c,0
297543941441033,7bb2c6ec8a4c,0
297540595561651,f3b86b444cf7,1
297540652087669,f3b86b444cf7,1
297541271230564,f3b86b444cf7,1
297543941441033,f3b86b444cf7,1
297540595561651,8a9e06d23318,2
297540652087669,8a9e06d23318,2
297541271230564,8a9e06d23318,2
297543941441033,8a9e06d23318,2
297540595561651,0fe09d990244,0
297540652087669,0fe09d990244,0
297541271230564,0fe09d990244,0
297543941441033,0fe09d990244,0
297540595561651,0c2e07ebe8ca,0
297540652087669,0c2e07ebe8ca,0
297541271230564,0c2e07ebe8ca,0
297543941441033,0c2e07ebe8ca,0
297540595561651,4c7ece6dae1b,2
297540652087669,4c7ece6dae1b,2
297541271230564,4c7ece6dae1b,2
297543941441033,4c7ece6dae1b,2
297540595561651,bc22998993d7,1
297540652087669,bc22998993d7,1
297541271230564,bc22998993d7,1
297543941441033,bc22998993d7,1
297540595561651,4c4e26593d2d,0
297540652087669,4c4e26593d2d,0
297541271230564,4c4e26593d2d,0
297543941441033,4c4e26593d2d,0
297540595561651,e1384785a0e6,0
297540652087669,e1384785a0e6,0
297541271230564,e1384785a0e6,0
297543941441033,e1384785a0e6,0
297541032519970,066093e6c6c4,1
297541032519970,dc30e0bae357,0
297541032519970,bc3dd3911b89,1
297541032519970,e11b282fc5ec,1
297541032519970,f85d5ab6e554,0
297541032519970,39029d437148,0
297541032519970,db6439c064f9,0
297541032519970,2f9aa4b01317,1
297541032519970,4c7ece6dae1b,2
297541032519970,571872329691,2
297541032519970,adb984fc509d,0
297541032519970,0fe09d990244,0
297541032519970,e418d0813f35,0
297541032519970,4df2aebd0064,0
297541032519970,6559cc7f3f20,0
297541032519970,a1c774867fc9,0
297541032519970,3ab9165bf16b,0
297541032519970,56d01fe91ca8,2
297541032519970,d403e92b7f13,2
297541032519970,4c4e26593d2d,0
297541032519970,837e77c47e79,0
297541032519970,6de0c6914e14,1
297541032519970,2e4d51b83f53,0
297541032519970,328c2ad89ce3,2
297541032519970,f118f1eddd18,2
297541032519970,71a1cbfabda3,2
297541032519970,0c2e07ebe8ca,0
297541032519970,65bafa573087,0
297541032519970,c868c0d02ff6,0
297541032519970,3d15e12adcdb,2
297541032519970,8c4126629772,1
297541032519970,10114524c047,0
297541032519970,0874d272bf9c,0
297541032519970,5eff880de4d0,2
297541032519970,c8ecb7231c7f,2
297541032519970,40470cfe5f83,2
297541032519970,f5d806fa2e94,1
297541032519970,b7ede6cd9d89,0
297541032519970,0851866a18d4,1
297541032519970,a6e8f96e0b71,1
297541032519970,a479dee0c0f9,2
297541032519970,dabe9e875bab,1
297541032519970,f79280931360,0
297541032519970,f3b86b444cf7,1
297541032519970,a0eec1ca6804,0
297541032519970,485ca824a04d,0
297541032519970,6c80a826846d,0
297541032519970,e1384785a0e6,0
297541032519970,f0dc80f30908,0
297541032519970,4e55b6c1d565,0
297541032519970,7aae0cebe2c4,0
297541032519970,c2328077fa91,0
297541032519970,2f85cb2e58b9,1
297541032519970,12481aefb7a1,0
297541032519970,c7cfe2595322,1
297541032519970,faa3f61d2381,0
297541032519970,86a0835f5ade,0
297541032519970,b9d7390c31f0,0
297541032519970,3ec73b710a3d,0
297541032519970,b079364a9df6,0
297541032519970,f3fbe63af3db,0
297541032519970,f21ada2b98df,0
297541032519970,1bdf007a5d1f,1
297541032519970,7e1577727a1c,1
297541032519970,42fa91170788,2
297541032519970,d6a684096b08,2
297541032519970,5bc9e3574947,0
297541032519970,18b56bd3bd89,0
297541032519970,5d930a45e2bb,0
297541032519970,c400425a684e,2
297541032519970,8a9e06d23318,2
297541032519970,cc7c8e5b2268,0
297541032519970,7cc45e471e1f,2
297541032519970,c4a54accd102,0
297541032519970,1ab5971233bd,1
297541032519970,b34c8d2de6fb,0
297541032519970,e742f33e1525,1
297541032519970,2c71b2c0cc94,0
297541032519970,5bc4c4aaa53e,2
297541032519970,a36a89f17955,1
297541032519970,9fc7063e0739,0
297541032519970,59c1bce3758e,1
297541032519970,23e19ff8063b,0
297541032519970,3b06b1696232,0
297541032519970,b8b6c30122de,0
297541032519970,e55fab634a50,0
297541032519970,d34a86dff9f9,0
297541032519970,06d3710f950c,2
297541032519970,660f3b5cc170,2
297541032519970,3e1215e2d351,1
297541032519970,d553883137d4,0
297541032519970,492709e1a540,0
297541032519970,ed139ab1c2b9,0
297541032519970,01d53a1e55a2,0
297541032519970,b048e0d9d975,0
297541032519970,7f2302f5a719,0
297541032519970,bc22998993d7,1
297541032519970,8cfe04ef86e0,0
297541032519970,4a6c2bfa8276,2
297541032519970,c7c4964adb38,0
297541032519970,b2d2862bd2e3,1
297541032519970,0a7528250079,2
297541032519970,e29065957a9c,0
297541032519970,5a9974504d8a,2
297541032519970,f2d947511468,0
297541032519970,219697fc8f09,0
297541032519970,8d7810ca2ec4,2
297541032519970,7bb2c6ec8a4c,0
297541032519970,cef439b806a2,2
297541032519970,5561198a1d1a,0
